-- MySQL dump 10.13  Distrib 8.0.41, for Win64 (x86_64)
--
-- Host: 127.0.0.1    Database: bookstore
-- ------------------------------------------------------
-- Server version	9.2.0

/*!40101 SET @OLD_CHARACTER_SET_CLIENT=@@CHARACTER_SET_CLIENT */;
/*!40101 SET @OLD_CHARACTER_SET_RESULTS=@@CHARACTER_SET_RESULTS */;
/*!40101 SET @OLD_COLLATION_CONNECTION=@@COLLATION_CONNECTION */;
/*!50503 SET NAMES utf8 */;
/*!40103 SET @OLD_TIME_ZONE=@@TIME_ZONE */;
/*!40103 SET TIME_ZONE='+00:00' */;
/*!40014 SET @OLD_UNIQUE_CHECKS=@@UNIQUE_CHECKS, UNIQUE_CHECKS=0 */;
/*!40014 SET @OLD_FOREIGN_KEY_CHECKS=@@FOREIGN_KEY_CHECKS, FOREIGN_KEY_CHECKS=0 */;
/*!40101 SET @OLD_SQL_MODE=@@SQL_MODE, SQL_MODE='NO_AUTO_VALUE_ON_ZERO' */;
/*!40111 SET @OLD_SQL_NOTES=@@SQL_NOTES, SQL_NOTES=0 */;

--
-- Table structure for table `author`
--

DROP TABLE IF EXISTS `author`;
/*!40101 SET @saved_cs_client     = @@character_set_client */;
/*!50503 SET character_set_client = utf8mb4 */;
CREATE TABLE `author` (
  `id` int NOT NULL AUTO_INCREMENT,
  `name` varchar(255) NOT NULL,
  PRIMARY KEY (`id`),
  UNIQUE KEY `name` (`name`)
) ENGINE=InnoDB AUTO_INCREMENT=30 DEFAULT CHARSET=utf8mb4 COLLATE=utf8mb4_0900_ai_ci;
/*!40101 SET character_set_client = @saved_cs_client */;

--
-- Dumping data for table `author`
--

LOCK TABLES `author` WRITE;
/*!40000 ALTER TABLE `author` DISABLE KEYS */;
INSERT INTO `author` VALUES (16,'Ái Vân'),(17,'Ajahn Brahm'),(4,'Brian Tracy'),(14,'Dag Heward-Mills'),(1,'Dale Carnegie'),(29,'Eckhart Tolle'),(15,'Eric Barker'),(12,'Fususu'),(18,'Guillaume Musso'),(25,'Harald Lark P.E. Ret\'d'),(20,'Jo Hemmings'),(5,'LAM HUYNH'),(7,'Mark Tier'),(22,'Nam Cao'),(13,'Napoleon Hill'),(21,'Nguyên Minh'),(24,'Nhân Tử Nguyễn Văn Thọ'),(9,'Nick Kolenda'),(11,'Nicky Hayes'),(3,'Sean Covey'),(26,'Stephen Hawking'),(8,'Steve Siebold'),(2,'T. Harv Eker'),(10,'Thich Thanh Nghiem'),(6,'Thomas J. Stanley'),(19,'Trung Đức'),(28,'Trung Phương Thiên Tôn (Celestial Master)'),(27,'VIETSTEM'),(23,'Walter Isaacson');
/*!40000 ALTER TABLE `author` ENABLE KEYS */;
UNLOCK TABLES;

--
-- Table structure for table `banking_information`
--

DROP TABLE IF EXISTS `banking_information`;
/*!40101 SET @saved_cs_client     = @@character_set_client */;
/*!50503 SET character_set_client = utf8mb4 */;
CREATE TABLE `banking_information` (
  `id` int NOT NULL AUTO_INCREMENT,
  `order_id` int NOT NULL,
  `bank_transaction_number` varchar(255) NOT NULL,
  `vnpay_transaction_number` varchar(20) NOT NULL,
  `bank_code` varchar(20) NOT NULL,
  `card_type` varchar(20) NOT NULL,
  `secure_hash` varchar(256) NOT NULL,
  PRIMARY KEY (`id`),
  KEY `order_id` (`order_id`),
  CONSTRAINT `banking_information_ibfk_1` FOREIGN KEY (`order_id`) REFERENCES `order` (`id`)
) ENGINE=InnoDB DEFAULT CHARSET=utf8mb4 COLLATE=utf8mb4_0900_ai_ci;
/*!40101 SET character_set_client = @saved_cs_client */;

--
-- Dumping data for table `banking_information`
--

LOCK TABLES `banking_information` WRITE;
/*!40000 ALTER TABLE `banking_information` DISABLE KEYS */;
/*!40000 ALTER TABLE `banking_information` ENABLE KEYS */;
UNLOCK TABLES;

--
-- Table structure for table `book`
--

DROP TABLE IF EXISTS `book`;
/*!40101 SET @saved_cs_client     = @@character_set_client */;
/*!50503 SET character_set_client = utf8mb4 */;
CREATE TABLE `book` (
  `id` int NOT NULL AUTO_INCREMENT,
  `name` varchar(255) NOT NULL,
  `unit_price` int NOT NULL,
  `available_quantity` int NOT NULL,
  `image_src` longtext,
  `category_id` int NOT NULL,
  `author_id` int NOT NULL,
  `enable` tinyint(1) NOT NULL,
  `description` longtext,
  PRIMARY KEY (`id`),
  UNIQUE KEY `name` (`name`),
  KEY `category_id` (`category_id`),
  KEY `author_id` (`author_id`),
  CONSTRAINT `book_ibfk_1` FOREIGN KEY (`category_id`) REFERENCES `category` (`id`),
  CONSTRAINT `book_ibfk_2` FOREIGN KEY (`author_id`) REFERENCES `author` (`id`)
) ENGINE=InnoDB AUTO_INCREMENT=33 DEFAULT CHARSET=utf8mb4 COLLATE=utf8mb4_0900_ai_ci;
/*!40101 SET character_set_client = @saved_cs_client */;

--
-- Dumping data for table `book`
--

LOCK TABLES `book` WRITE;
/*!40000 ALTER TABLE `book` DISABLE KEYS */;
INSERT INTO `book` VALUES (1,'Đắc Nhân Tâm',12000,177,'http://books.google.com/books/content?id=eqjvDwAAQBAJ&printsec=frontcover&img=1&zoom=1&edge=curl&source=gbs_api',1,1,1,'Đắc nhân tâm của Dale Carnegie là quyển sách của mọi thời đại và một hiện tượng đáng kinh ngạc trong ngành xuất bản Hoa Kỳ. Trong suốt nhiều thập kỷ tiếp theo và cho đến tận bây giờ, tác phẩm này vẫn chiếm vị trí số một trong danh mục sách bán chạy nhất và trở thành một sự kiện có một không hai trong lịch sử ngành xuất bản thế giới và được đánh giá là một quyển sách có tầm ảnh hưởng nhất mọi thời đại. Đây là cuốn sách độc nhất về thể loại self-help sở hữu một lượng lớn người hâm mộ. Ngoài ra cuốn sách có doanh số bán ra cao nhất được tờ báo The New York Times bình chọn trong nhiều năm. Cuốn sách này không còn là một tác phẩm về nghệ thuật đơn thuần nữa mà là một bước thay đổi lớn trong cuộc sống của mỗi người. Nhờ có tầm hiểu biết rộng rãi và khả năng ‘ứng xử một cách nghệ thuật trong giao tiếp’ – Dale Carnegie đã viết ra một quyển sách với góc nhìn độc đáo và mới mẻ trong giao tiếp hàng ngày một cách vô cùng thú vị – Thông qua những mẫu truyện rời rạc nhưng lại đầy lý lẽ thuyết phục. Từ đó tìm ra những kinh nghiệm để đúc kết ra những nguyên tắc vô cùng ‘ngược ngạo’, nhưng cũng rất logic dưới cái nhìn vừa sâu sắc, vừa thực tế. Hơn thế nữa, Đắc Nhân Tâm còn đưa ra những nghịch lý mà từ lâu con người ta đã hiểu lầm về phương hướng giao tiếp trong mạng lưới xã hội, thì ra, người giao tiếp thông minh không phải là người có thể phát biểu ra những lời hay nhất, mà là những người học được cách mỉm cười, luôn biết cách lắng nghe, và khích lệ câu chuyện của người khác.'),(2,'Bí Mật Tư Duy Triệu Phú',12000,189,'http://books.google.com/books/content?id=qSnrDwAAQBAJ&printsec=frontcover&img=1&zoom=1&edge=curl&source=gbs_api',2,2,1,'Trong cuốn sách này T. Harv Eker sẽ tiết lộ những bí mật tại sao một số người lại đạt được những thành công vượt bậc, được số phận ban cho cuộc sống sung túc, giàu có, trong khi một số người khác phải chật vật, vất vả mới có một cuộc sống qua ngày. Bạn sẽ hiểu được nguồn gốc sự thật và những yếu tố quyết định thành công, thất bại để rồi áp dụng, thay đổi cách suy nghĩ, lên kế hoạch rồi tìm ra cách làm việc, đầu tư, sử dụng nguồn tài chính của bạn theo hướng hiệu quả nhất. Cuốn sách dành cho những ai còn loay hoay muốn tìm đường đến sự giàu có và thành công. “Bí mật tự duy triệu phú” mang đến nhiều tư duy mới cho người đọc về cách suy nghĩ của người giàu hay cách suy nghĩ để trở nên giàu có. Trong cuốn sách, Eker liệt kê 17 cách thức mà các kế hoạch chi tiết tài chính của những người giàu khác với người nghèo và tầng lớp trung lưu. Một chủ đề được xác định trong sách này là loại bỏ các suy nghĩ đổ lỗi cho sự thất bại. Eker lập luận rằng: Người giàu tin \"Tôi tạo ra cuộc sống của tôi\", còn những người nghèo cho rằng \"Cuộc sống sẽ tự nhiên đến với tôi\"; người giàu tập trung vào các cơ hội trong khi người nghèo tập trung vào những trở ngại; và những người giàu ngưỡng mộ những người giàu có và thành công khác trong khi người dân nghèo ghen tị, bực tức trước những người thành công và giàu có. Bí mật tư duy triệu phú là tác phẩm nổi tiếng thế giới được thời báo New York Times, Wall Street Journal và USB Today bình chọn là cuốn sách hay nhất, bán chạy nhất trong nhiều năm.'),(3,'7 Thói Quen Của Bạn Trẻ Thành Đạt',12000,187,'http://books.google.com/books/content?id=nXwGEAAAQBAJ&printsec=frontcover&img=1&zoom=1&edge=curl&source=gbs_api',1,3,1,'7 Thói Quen Của Bạn Trẻ Thành Đạt nhấn mạnh những gì chúng ta có được trong cuộc sống đều bắt nguồn từ những thói quen của chính mình. Ai cũng có những thói quen tốt và những thói quen xấu, và mỗi chúng ta phải rèn luyện những thói quen tốt và biết điều chỉnh, loại bỏ những thói quen xấu. Tuổi thiếu niên và trưởng thành là tuổi đẹp nhất và quan trọng nhất của đời người. Đây cũng là lứa tuổi mà các bạn trẻ bắt đầu khám phá cuộc sống với những ước mơ, khát vọng. Phía trước các bạn là những con đường bằng phẳng, êm ái; nhưng cũng có con đường quanh co, khúc khuỷu. Có con đường ngập tràn ánh sáng, cũng có con đường u ám, đầy cạm bẫy, nguy cơ. Nhưng làm cách nào để chọn được con đường đến đích thành công, hạnh phúc mà không lãng phí nhiều thời gian, công sức? Tất cả đều phụ thuộc vào tính cách và thói quen của các bạn. Có những thói quen đem đến sự thành công, hạnh phúc; nhưng cũng có những thói quen cản trở, phá hỏng sự phát triển của bạn. Cuốn sách phân tích tác động lớn lao của 7 thói quen quan trọng nhất của những bạn trẻ cần có. Đó là: Có thái độ sống tích cực; Biết định hướng tương lai; Việc hôm nay không để ngày mai; Tư duy cùng thắng; Biết lắng nghe để thấu hiểu và để được thấu hiểu; Có tinh thần hợp tác; Biết rèn luyện và phát triển những kỹ năng. Đây là những thói quen để các bạn tự rèn luyện bản thân và xây dựng các mối quan hệ của mình. Các thói quen này bổ sung và hỗ trợ chặt chẽ cho nhau, tạo một mắt xích bền vững giúp các bạn chọn lựa được hướng đi đúng đắn cho cuộc đời mình. Với phong cách ngắn gọn, vui tươi, dí dỏm, dễ hiểu, nhiều hình ảnh minh họa sinh động và dễ thương, 7 Thói Quen Của Bạn Trẻ Thành Đạt của Sean Covey đã được bạn đọc hoan nghênh và đón nhận nhiệt tình trên khắp thế giới. Đây là một trong những cuốn sách được các đọc giả trẻ yêu thích và đọc nhiều nhất, với số lượng phát hành lên đến hàng triệu bản trong một thời gian ngắn. Quả thật, 7 Thói Quen Của Bạn Trẻ Thành Đạt chính là chiếc la bàn, là kim chỉ nam giúp ta tránh được những thói quen tai hại nhằm xây dựng những thói quen tốt, hướng đến thành công. Đây không chỉ là một cuốn sách để đọc mà còn là một cẩm nang quý giá đưa bạn đến thành công, đạt được ước mơ của mình, xứng đáng với sự tin yêu của bạn bè, người thân, gia đình và xã hội.'),(4,'Chinh Phục Mục Tiêu',8000,144,'http://books.google.com/books/content?id=GcTsDwAAQBAJ&printsec=frontcover&img=1&zoom=1&edge=curl&source=gbs_api',1,4,1,'21 chiến lược giúp bạn chạm tay tới ước mơ Người nào cũng có những mục tiêu lớn lao của cuộc đời, nhưng không phải ai cũng biết cách để hiện thực hoá chúng. Brian Tracy, tác giả cuốn sách \"Chinh phục mục tiêu\", cho rằng chúng ta đều có thể \"chạm tay\" đến mục tiêu của mình, nếu biết học hỏi phương thức mà những người thành đạt đi trước đã từng áp dụng. Trong \"Chinh phục mục tiêu\", Brian Tracy tập hợp tất cả mọi kinh nghiệm, ý tưởng và chiến lược hiện thực hoá mục tiêu thành một hệ thống bài bản. Tác giả trình bày 21 ý tưởng đột phá, mà chỉ cần biết đến chúng thôi sẽ giúp con đường đến thành công của bạn ít trắc trở hơn rất nhiều. Chẳng hạn như: Lên kế hoạch, đo lường tiến bộ của bản thân, kết giao với những người phù hợp hay luôn luôn linh hoạt. Sau cùng, Brian Tracy nhận định: \"Phẩm chất quan trọng mà bạn có thể phát triển để thành công trong đời chính là thói quen hành động dựa trên những kế hoạch, mục tiêu, ý tưởng và kiến thức sâu rộng. Bạn càng thường xuyên nỗ lực, bạn càng nhanh chóng chiến thắng. Có sự liên hệ trực tiếp giữa số việc mà bạn nỗ lực và những thành tựu bạn đạt được trong đời\". \"Chinh phục mục tiêu\" là cẩm nang hướng dẫn cách xác lập và hoàn thành mục tiêu, đạt được thành công và sống một cuộc đời tuyệt vời.'),(5,'CÔNG THỨC ĐẦU TƯ CHỨNG KHOÁN',13000,156,'http://books.google.com/books/content?id=GfzpDwAAQBAJ&printsec=frontcover&img=1&zoom=1&edge=curl&source=gbs_api',2,5,1,'Có bao giờ bạn, cũng như tôi, từng tự hỏi mình rằng điều gì đã tạo ra điểm khác biệt như thế trong đời sống của kẻ nọ người kia? Thứ tạo nên khác biệt không phải lúc nào cũng nhất thiết là cái thông minh trời sinh, tài năng thiên bẩm hay hành động cống hiến hết mình. Thứ tạo nên khác biệt cũng chẳng phải là việc người này muốn thành công, còn người kia thì không. Song nó nằm ở cái hiểu biết của mỗi người và cách mỗi người vận dụng cái hiểu biết ấy. Và đó là lý do tại sao tôi viết những dòng này cho bạn và cho những người như bạn, để nói về những Công Thức Đầu Tư Chứng Khoán. Bởi đây là mục đích trọn vẹn của tôi: mang lại cái hiểu biết cho độc giả – cái hiểu biết độc giả có thể dùng đến trong đầu tư và làm giàu với Chứng Khoán. Nếu bạn chưa từng cầm quyễn sách này trên tay, bạn không bao giờ tưởng tượng nổi bạn cần những công thức đầu tư đến mức nào. Phần lớn những thông tin trên quyển sách tuyệt vời này được nghiên cứu kỹ lưỡng, và đúc kết từ nhiều tạp chí uy tín trong và ngoài nước. Với tâm tình chia sẻ cùng độc giả, hy vọng vấn đề này sẽ không ảnh hưởng lớn đến việc đón nhận cuốn sách của bạn đọc Về nguyên nhân chính chiếm hơn 90% sự thua lỗ của nhà đầu tư cá nhân. Họ đã cùng bắt đầu nghiệp kinh doanh đầu tư. Nhưng đều gì khiến cuộc sống của họ khác nhau? Đó là kiến thức! Kiến thức bổ ích và nó là công cụ của mọi con người!'),(6,'Bẻ Khóa Bí Mật Triệu Phú',15000,123,'http://books.google.com/books/content?id=ByZHEAAAQBAJ&printsec=frontcover&img=1&zoom=1&edge=curl&source=gbs_api',2,6,1,'Cuốn sách bán chạy 3 năm liền của The New Your Times và có mặt trong danh sách bán chạy của The Wall Street Journal, Business Week, USA Today, Los Angeles Times . Đã hơn hai mươi năm kể từ khi hai tác giả Thomas J. Stanley và William D. Danko bắt đầu nghiên cứu về phương thức làm giàu. Ban đầu, họ chỉ thực hiện nghiên cứu đơn thuần, tức là khảo sát những người sống ở các khu vực thượng lưu trên khắp nước Mỹ. Nhưng rồi họ đã phát hiện một điều kỳ lạ: Nhiều người sống trong những ngôi nhà sang trọng và lái những chiếc xe đắt tiền thực ra lại không quá giàu có! Sự thật này kéo theo một sự thật còn kỳ lạ hơn: Nhiều người cực kỳ giàu có lại không sống ở những khu vực thượng lưu như vậy! Phát hiện nho nhỏ ấy đã thay đổi cuộc sống của họ, khiến một người trong nhóm nghiên cứu là Tom Stanley quyết định gác lại sự nghiệp học thuật để cho ra đời ba cuốn sách về hoạt động marketing hướng đến tầng lớp giàu có ở Hoa Kỳ. Tom trở thành chuyên gia cố vấn cho các tập đoàn chuyên cung ứng hàng hóa và dịch vụ cho tầng lớp thượng lưu, đồng thời còn tiến hành các chương trình nghiên cứu về tầng lớp giàu có cho 7 trong số 10 tập đoàn cung cấp dịch vụ tài chính hàng đầu ở Mỹ. Riêng Thomas J. Stanley và William D. Danko cũng đã tổ chức hàng trăm cuộc hội thảo về chủ đề nhắm đến sự giàu có. Tại sao lại có nhiều người quan tâm tới những buổi nói chuyện của họ đến vậy? Bởi vì họ đã khám phá ra ai mới thực sự là người giàu có. Và quan trọng hơn cả là họ chỉ ra được cái cách mà những người bình thường có thể làm để trở nên giàu có. Vậy thì có gì uyên thâm ẩn sau những khám phá này? Chính là đây: Hầu hết mọi người đều đã hiểu sai về khái niệm giàu có. Của cải không đồng nghĩa với thu nhập. Nếu hàng năm bạn kiếm được nhiều tiền và phung phí hết sạch thì bạn không thể giàu lên. Bạn sống vương giả thật đấy, nhưng của cải là số tài sản bạn tích lũy được, chứ không phải số tiền mà bạn tiêu đi. Vậy bạn phải làm thế nào để trở nên giàu có? Một lần nữa, hầu hết mọi người lại hiểu sai. Những trường hợp giàu có nhờ may mắn trúng xổ số, được thừa kế, địa vị xã hội cao hay thậm chí là sự thông minh xuất chúng rất hiếm xảy ra. Thông thường, của cải là kết quả của lối sống đề cao sự lao động chăm chỉ, tính kiên nhẫn, bền bỉ, làm việc có kế hoạch, và quan trọng hơn hết là tính tự giác kỷ luật. Chính vì những nghiên cứu giàu tính khoa học, những khái niệm về sự giàu có vô cùng mới mẻ đã mang đến sự yêu quý của bạn đọc dành cho « The Millionaire next door – Bẻ khóa bí mật triệu phú ». Quyển sách đã bán được hơn 2 triệu bản và là cuốn sách bán chạy 3 năm liền của The New York Times.'),(7,'Bí Quyết Đầu Tư Và Kinh Doanh Chứng Khoán Của Các Tỷ Phú Warren Buffet & George Soros',14000,142,'http://books.google.com/books/content?id=3E_VEAAAQBAJ&printsec=frontcover&img=1&zoom=1&edge=curl&source=gbs_api',2,7,1,'Warren Buffett Và George Soros đều khởi nghiệp từ hai bàn tay trắng, và họ cùng làm nên những gia tài trị giá hàng chục tỷ đô la chỉ bằng một hoạt động đầu tư. Tuy nhiên, sự nghiệp của hai người lại trái ngược và mâu thuẫn với nhau như mặt trăng mặt trời. Buffett dùng tiền mặt để mua những cổ phiếu và cả các doanh nghiệp được định giá thấp hơn đáng kể so với giá trị thực của chúng, rồi sở hữu chúng vĩnh viễn, còn Soros nổi tiếng nhờ những vụ mua bán khổng lồ và chớp nhoáng tại các thị trường tiền tệ. Những thói quen và chiến lược tinh thần mà cả Warren Buffett Và George Soros được hành dường như đang thách thức \"những bộ óc thông minh\" của Wall Street. - Cả Warren Buffett Và George Soros đều phản đối việc đa dạng hoá danh mục đầu tư. - Cả hai đều sẽ nói với bạn rằng việc dự đoán động thái tiếp theo của thị trường hay của nền kinh tế không đem lại thành công cho các vụ đầu tư. - Cả hai cũng không tập trung vào lợi nhuận mà họ sẽ thu được từ các vụ đầu tư, mà trên thực tế, động lực cao nhất của họ hoàn toàn không phải là tiền bạc. - Họ không tin rằng để có lợi nhuận lớn thì nhất thiết phải chấp nhận rủi ro lớn. Vì thế, họ dành sự quan tâm lớn hơn cho việc bảo tồn vốn. - Và họ không đọc tất cả những bài nghiên cứu, báo cáo... mà Wall Street công bố! Thông qua việc xác định những thói quen đưa Warren Buffett và George Soros đến với sự thành công phi thường, Mart Tier lần đầu đã chứng minh rằng tất cả các nhà đầu tư thành công đều có những thói quen đó. Và bạn có thể học hỏi và rèn luyện những thói quen này thông qua cuốn sách kinh doanh này.'),(8,'Cách suy nghĩ của người giàu',15000,151,'http://books.google.com/books/content?id=yGm-EAAAQBAJ&printsec=frontcover&img=1&zoom=1&edge=curl&source=gbs_api',2,8,1,'Nếu bạn đang loay hoay tìm con đường dẫn đến sự giàu có, đây chính là kim chỉ nam để bạn bắt đầu cuộc hành trình. Cuốn sách này là thành quả của tác giả Steve Siebold sau hơn 26 năm phỏng vấn những người giàu nhất thế giới. Bằng văn phong hóm hỉnh, ông nêu ra sự khác biệt trong lối tư duy của các đại tỷ phú và người bình thường; đồng thời giải đáp cho câu hỏi được nhiều người thắc mắc Người giàu nghĩ như thế nào?. Điều làm nên thành công của các triệu phú \"không phải là tiền bạc mà là tư duy\". Cách suy nghĩ của người giàu chính là chìa khóa giúp bạn mở ra kho báu của sự giàu sang, trí tuệ, thành công và hạnh phúc… những điều bạn tìm kiếm bấy lâu nay.'),(9,'Nghệ Thuật Thuyết Phục',11000,152,'http://books.google.com/books/content?id=XArmEAAAQBAJ&printsec=frontcover&img=1&zoom=1&edge=curl&source=gbs_api',1,9,1,'Nhân loại giống như những con rối. Chúng ta đều bị gắn vào mình vô vàn những sợi dây vô hình mà chỉ cần kéo chúng theo một hướng nhất định, chúng sẽ định hướng hành vi của chúng ta mà bản thân chúng ta thậm chí còn không nhận thức được. Nếu bạn biết cách điều khiển những sợi dây này, bạn sẽ biết cách kiểm soát hành vi. Cuốn sách này sẽ dạy cho bạn cách thức để làm điều đó. Cuốn sách sẽ dạy bạn cách để trở thành một nghệ nhân điều khiển rối thành công (và có đạo đức) trong thế giới tràn ngập những con rối người này. Bởi vì tiểu sử khác thường của tôi vừa là một nhà ngoại cảm vừa là một nhà nghiên cứu tâm lý học, nên nội dung của cuốn sách mà bạn đang cầm trên tay cũng khá độc đáo. Tuy nhiên, cuốn sách này có một điểm khác biệt rõ nhất để phân biệt nó với tất cả những cuốn sách khác cùng nói về đề tài này. Hầu hết các cuốn sách nói về nghệ thuật thuyết phục người khác đều chỉ đơn giản là liệt kê ra hàng tá những chiến thuật mà bạn có thể sử dụng mỗi khi bị từ chối. Còn những phương pháp thuyết phục trong cuốn sách này đã được sắp xếp một cách chiến lược hóa thành một quy trình gồm 7 bước có thứ tự nghiêm ngặt. Nếu bạn cần thuyết phục một người để hoàn thành một nhiệm vụ cụ thể nào đó, bạn có thể làm theo đúng các bước được mô tả trong cuốn sách này để đạt được mục đích của mình. Mặc dù bạn vẫn luôn có thể chọn cho mình một chiến thuật thuyết phục để áp dụng, nhưng hướng dẫn từng bước hành động này vẫn sẽ luôn hữu dụng trong việc chỉ dẫn bạn đi đúng hướng. Tiện lợi hơn nữa, nó được sắp xếp đúng theo thứ tự những chữ cái trong từ METHODS (các phương pháp). Các bước tổng quát trong METHODS bao gồm: Bước 1: Tái định hình nhận thức của mục tiêu (Mold their perception) Bước 2: Kích hoạt thái độ/quan điểm tương thích (Elicit congruent attitudes) Bước 3: Kích thích áp lực xã hội (Trigger Social Pressure) Bước 4: Khiến mục tiêu làm quen với thông điệp của bạn (Habituate your message) Bước 5: Tối ưu hóa thông điệp của bạn (Optimize your message) Bước 6: Tạo động lực cho mục tiêu (Drive their momentum) Bước 7: Duy trì sự đồng thuận của mục tiêu (Sustain their compliance) Những bước trên trông có vẻ chỉ là một danh sách những việc rất đơn giản, nhưng bạn sẽ phải kinh ngạc khi biết được lượng tài liệu về tâm lý học mà tôi đã phải sử dụng để tạo ra được nó đấy. Một trong những mục tiêu của tôi khi viết cuốn sách này là để nó có thể trở thành một trong những cuốn sách được đánh dấu ghi chú nhiều nhất trên giá sách của bạn. Bạn sẽ không tìm thấy những lời giải thích dài dòng, những câu chuyện ngoài lề chẳng liên quan, hay bất kỳ câu đùa nhạt nhẽo và không mang bất cứ ý nghĩa nào, bởi vì tôi đã cố gắng để khiến mọi sự diễn giải đều trực tiếp và thẳng thắn nhất có thể (trong khi đó, tôi cũng sẽ cố gắng để khiến cuốn sách vẫn hấp dẫn và lôi cuốn người đọc). Một số thông tin cơ bản bổ sung. Trước khi đi thẳng vào bước đầu tiên trong METHODS, có một số thông tin cơ bản bạn cần biết để có thể đạt được lượng kiến thức tối đa khi đọc cuốn sách này. Thuyết phục không có nghĩa là thao túng. Khái niệm “thao túng” thường đề cập đến một nỗ lực tiêu cực để gây ảnh hưởng lên tâm trí của người khác thông qua các thủ đoạn dễ gây nghi ngại hoặc phi đạo đức (ví dụ như lừa đảo và dối trá). Khái niệm “thuyết phục” đôi khi bị đánh đồng với “thao túng”. Đây là một nhận định rất sai lầm, vì hai khái niệm này đại diện cho hai luồng ý tưởng hoàn toàn khác nhau. Những chiến thuật được đề cập đến trong cuốn sách này không hoàn toàn nằm trong phạm trù của đạo đức hay phi đạo đức; chính cách bạn sử dụng chúng sẽ quyết định tính chất của việc bạn làm. Mặc dù “thuyết phục” các bạn làm một người có đạo đức chẳng phải nhiệm vụ của tôi, nhưng tôi thực tâm phản đối việc bất kỳ ai muốn sử dụng những chiến thuật tâm lý này để thao túng người khác. Những quy tắc trong cuốn sách này có sức mạnh vô cùng to lớn, và tôi mong rằng bất cứ ai có ý định sử dụng chúng đều nên thật cẩn thận và dành nhiều sự quan tâm đến những người khác. Bạn không bao giờ nên cố thuyết phục một người thực hiện một hành động nào đó nếu biết rằng hành động đó đi ngược với lợi ích của họ. Định nghĩa. Trong cuốn sách này, tôi sử dụng khái niệm “mục tiêu” để đại diện cho đối tượng mà bạn đang cố gắng thuyết phục. Ví dụ, nếu bạn đang cố thuyết phục một đồng nghiệp viết thư tiến cử cho mình, đồng nghiệp đó sẽ là “mục tiêu” của bạn (bạn cũng nên lưu ý rằng đôi khi tôi sẽ sử dụng xen kẽ hai đại từ nhân xưng “anh ấy” và “cô ấy” khi nhắc đến một nhân vật giả định nào đó). Tôi cũng sẽ sử dụng khái niệm “yêu cầu” khi bạn đang cố gắng thuyết phục ai đó thực hiện một hành vi cụ thể nào đó (ví dụ: viết một bức thư tiến cử), và tôi sẽ dùng khái niệm “thông điệp” khi nói tới phương tiện/cách thức truyền tải thông tin mà bạn sử dụng cho việc thuyết phục (ví dụ: một lá thư điện tử cho đồng nghiệp của bạn). Nhưng hai khái niệm này không phải cố định mà đôi khi sẽ được sử dụng thay cho nhau. Cuối cùng, hầu hết những kỹ thuật được giới thiệu trong cuốn sách này đều tạo ảnh hưởng “một cách phi nhận thức”, có nghĩa là người đó sẽ không nhận thức được rằng chính những nguyên lý này đang định hướng hành vi của họ. Trong khi viết cuốn sách, tôi chọn sử dụng từ “phi nhận thức” bởi vì những khái niệm “tiềm thức” và “vô thức” có nghĩa là vẫn có một phần nào đó trong não bộ của chúng ta chịu trách nhiệm cho những quá trình không được nhận thức đó (và điều đó không đúng trong trường hợp này). Khái niệm “phi nhận thức” có vẻ chính xác hơn vì nó không mang bất cứ ý nghĩa nào như vậy; nó chỉ đại diện cho tất cả mọi thứ diễn ra ngoài phạm vi nhận thức của chúng ta mà thôi. Cấu trúc của các chương. Cuốn sách này được chia ra làm bảy phần, mỗi phần đại diện cho một bước trong quy trình bảy bước METHODS. Mỗi phần trong bảy phần đó lại chứa một số chương nhất định, mỗi chương sẽ giải thích về một quy luật tâm lý có liên quan mà bạn có thể sử dụng để hoàn thành cả bước hành động đó. Các chương trong cuốn sách này đều có cấu trúc giống nhau. Đầu tiên, tôi sẽ giải thích các kiến thức nền tảng về quy luật đó và cách thức mà nó ảnh hưởng đến đời sống hàng ngày của chúng ta. Tiếp theo, tôi sẽ miêu tả những nghiên cứu tâm lý để giải thích cặn kẽ tại sao quy luật đó lại mang trong mình sức mạnh to lớn đến vậy. Cuối cùng, mỗi chương sách sẽ kết thúc với một số ví dụ về các chiến lược mà bạn có thể áp dụng vào việc thuyết phục người khác. Vậy nếu tôi mong muốn đạt được sự rõ ràng và súc tích đến mức ấy thì tại sao tôi lại phải tốn công giảng giải về các kiến thức tâm lý học cơ bản đó? Tại sao lại không chỉ tập trung vào các ứng dụng? Có hai lý do chính cho việc này. Đầu tiên, bằng cách nêu ra các nghiên cứu bổ trợ và làm rõ cho các quy luật này, tôi mong rằng các bạn có thể hiểu rõ được giá trị trong sự hiệu quả của từng ứng dụng. Thứ hai, và quan trọng hơn, để có thể tận dụng tối đa được câu trả lời cho câu hỏi bằng cách nào, bạn cần phải hiểu rõ được câu trả lời cho câu hỏi vì sao lại thế. Một khi bạn hiểu rõ được các kiến thức tâm lý học cơ bản, bạn có thể bắt đầu vượt ra khỏi giới hạn của những kỹ thuật ví dụ mà tôi miêu tả trong sách, và tự mình suy nghĩ để vạch ra những ứng dụng và chiến lược thuyết phục mới của riêng bạn. Cũng giống như một câu ngạn ngữ cổ của Trung Hoa: Cho người ta con cá thì họ chỉ có thể ăn được một ngày; dạy họ cách câu cá thì họ có thể ăn được cả đời. BƯỚC 1 TÁI ĐỊNH HÌNH NHẬN THỨC CỦA MỤC TIÊU TÁI ĐỊNH HÌNH NHẬN THỨC CỦA MỤC TIÊU Thực tế là hoàn toàn khách quan, nhưng nhận thức của chúng ta về thực tế lại hoàn toàn dựa trên đánh giá chủ quan. Chuyện này là cái quái gì vậy? Mặc dù chỉ có một thực tế duy nhất tồn tại, và chúng ta đang sống trong đó, nhưng mỗi người lại nhận thức và hiểu nó theo một cách khác nhau. Về cơ bản mà nói, nhận thức của chúng ta là một lăng kính mà qua đó chúng ta nhìn nhận thực tại; nếu bạn biết cách để điều chỉnh lăng kính đó, bạn sẽ có thể thay đổi cách mà người khác nhìn nhận cũng như đánh giá thực tại. Quan niệm đó dẫn đến sai lầm thường thấy nhất trong thuyết phục. Khi một người muốn thuyết phục một người khác đồng ý làm theo một yêu cầu nào đó, họ thường trực tiếp đưa ra yêu cầu chứ không để tâm đến việc dựng lên một chiến lược hoàn chỉnh dẫn đến yêu cầu đó. Người đó bắt đầu không ngừng bày tỏ quan điểm của mình, cố gắng để đạt được sự đồng thuận từ mục tiêu của họ, mà không biết rằng họ có thể chỉ cần sử dụng một vài biện pháp tâm lý để thay đổi cách mà mục tiêu nhìn nhận về yêu cầu của họ. Do đó, các chương nói về bước đầu tiên này sẽ dạy cho bạn cách để điều chỉnh lăng kính mà qua đó một người nhận thức thế giới xung quanh, từ đó, bạn sẽ biết được cách để tái định hình nhận thức của họ sao cho thuận lợi hơn với tình huống của bạn. Một khi đã điều chỉnh được lăng kính đó, bất kỳ biện pháp thuyết phục bổ sung nào cũng đều sẽ trở nên mạnh mẽ và hiệu quả hơn rất nhiều vì nhận thức mới này của họ. Chương đầu tiên sẽ bắt đầu với việc miêu tả một trong những yếu tố quan trọng nhất trong sự định hình nhận thức của chúng ta: lối tư duy của chúng ta trong thời điểm hiện tại. Mời các bạn đón đọc Nghệ Thuật Thuyết Phục của tác giả Nick Kolenda & Nguyễn Nguyên Khôi (dịch).'),(10,'MỐI QUAN HỆ BIỆN CHỨNG GIỮA ĐỘC LẬP TỰ CHỦ VÀ HỘI NHẬP QUỐC TẾ',9000,160,'http://books.google.com/books/content?id=a8-nEAAAQBAJ&printsec=frontcover&img=1&zoom=1&edge=curl&source=gbs_api',3,10,1,'I. TỐNG QUAN 1. Tổng quan và lý do chọn đề tài Toàn cầu hóa và hội nhập quốc tế hiện nay đang trở thành một xu thế khách quan và tất yếu của tất cả các nước trên thế giới, không kể các nước đang phát triển hay phát triển, các nước giàu hay nghèo. Để có thể tranh thủ các nguồn lực từ bên ngoài đặc biệt là nguồn vốn, tiến bộ khoa học công nghệ…đòi hỏi các nước phải có sự mở cửa, giao lưu, buôn bán hợp tác với các nước trên thế giới mà đặc biệt là các nước tư bản phát triển. Tuy vậy đi song song với việc hội nhập quốc tế trên các lĩnh vực như kinh tế, chính trị, văn hóa – xã hội…thì chúng ta phải cần phải có sự thống nhất nhận thức về việc giữ độc lập tự chủ trong quá trình hội nhập. Đây là một mối lo ngại lớn với các nước trên thế giới đặc biệt là các nước đang phát triển. Mối lo này phần nào cũng có lý do chính đáng bởi hầu hết các nước đang phát triển đều có xuất phát điểm từ một nền kinh tế nghèo nàn, lạc hậu, khoa học công nghệ còn thấp kém, năng suất lao động còn chưa cao, sức cạnh tranh về các loại hàng hóa trên thị trường thế giới thấp trong khi đó các nước đi trước có lợi thế hơn hẳn về mọi mặt, việc mở rộng quan hệ với các nước đó sẽ dẫn đến tình trạng các nước kém phát triển khó tránh khỏi bị lệ thuộc về kinh tế và từ chỗ bị lệ thuộc về kinh tế có thể bị sự lệ thuộc về chính trị dẫn tới không giữ vững được chủ quyền. Hiện nay nước Việt Nam ta cũng đang tham gia vào các tổ chức, hiệp hội trên thế giới. Nước ta cũng là một nước nghèo nàn, lạc hậu và kém phát triển hơn rất nhiều so với các nước tư bản trên thế giới vì vậy chúng ta phải chủ động tham gia hội nhập quốc tế gắn liền với việc xây dựng một nhà nước với nền kinh tế độc lập, tự chủ. Đảng và nhà nước ta đã xác định độc lập, tự chủ kinh tế là nền tảng vật chất cơ bản bảo đảm sự bền vững của đất nước ta về chính trị cũng như các vấn đề văn hóa, xã hội… Chính vì việc xây dựng một nhà nước với nền kinh tế độc lập tự chủ kết hợp với hội nhập quốc tế hiện nay đang là một vấn đề nóng bỏng, cấp bách và cần thiết đối với tất cả các quốc gia trên thế giới, trong đó có cả nước ta. Vì vậy đề tài này có một ý nghĩa thực tiễn vô cùng quan trọng không chỉ với Việt Nam mà còn với nhiều nước khác trên thế giới trong việc đề ra các đường lối, chính sách trong quan hệ giao lưu, buôn bán với nước'),(11,'Nền Tảng Tâm Lý Học',11000,147,'http://books.google.com/books/content?id=A3LQEAAAQBAJ&printsec=frontcover&img=1&zoom=1&edge=curl&source=gbs_api',4,11,1,'Những ai đang quan tâm đến ngành tâm lý học, chắc chắn phải luôn đặt ra những câu hỏi là tâm lý học hiện đại đến từ đâu và phát triển từ nền tảng cốt lõi nào? \" Nền tảng tâm lý học \" trình bày súc tích và đầy đủ nhất về nguồn gốc triết học của tâm lý học, các trường phái tư tưởng trong tâm lý học, các lĩnh vực cùng những quan điểm tâm lý học khác nhau...Phương pháp biên soạn của sách còn nhắm đến ba mục đích chính: giải thích những quan điểm hoàn toàn phức tạp, sử dụng ngôn ngữ rõ ràng, dễ hiểu; chứng minh quan điểm về tâm lý học đã phát triển rõ nét và phong phú khoảng hơn một thế kỷ qua và cuối cùng là phản ánh những gì đang diễn ra trong tâm lý học hiện đại. Sách còn cung cấp một cách nhìn rộng thoáng, chiết trung, luôn cập nhật về ngành tâm lý học. Mục lục: Lời nói đầu Chương 1: Quan điểm trong tâm lý học Phần 1: Tâm lý học nhận thức Chương 2: Nhận thức và chú ý Chương 3: Trí nhớ Chương 4: Ngôn ngữ và biết đọc biết viết Chương 5: Suy nghĩ và trình bày Phần 2: Tính chất cá nhân và tính bất thường Chương 6: Trí năng Chương 7: Thuyết nhân cách Chương 8: Mô hình y tế của hành vi bất thường Chương 9: Những mô hình thay thế mô hình y tế Phần 3: Tâm lý học sinh lý Chương 10: Phát triển não và tâm lý học thần kinh lâm sàng Chương 11: Ý thức Chương 12: Cảm giác và cận tâm lý học Chương 13: Cảm xúc và động cơ thúc đẩy Phần 4: Tâm lý học xã hội Chương 14: Cái tôi và người khác Chương 15: Tìm hiểu người khác Chương 16: Ảnh hưởng xã hội và hoạt động xã hội Chương 17: Thái độ, thành kiến và hành vi đám đông Phần 5: Tâm lý học phát triển Chương 18: Tập quen và phát triển kỹ năng Chương 19: Phát triển nhận thức và nhận thức xã hội Chương 20: Phát triển xã hội Chương 21: Tâm lý học phát triển tuổi đời Phần 6: Tâm lý học so sánh Chương 22: Giới thiệu tâm lý học so sánh Chương 23: Hành vi động vật Chương 24: Giao tiếp ở động vật Chương 25: Phương pháp và đạo đức trong tâm lý học Mời bạn đón đọc.'),(12,'Thay Thói Quen Đổi Cuộc Đời',9000,153,'http://books.google.com/books/content?id=HaIREAAAQBAJ&printsec=frontcover&img=1&zoom=1&edge=curl&source=gbs_api',1,12,1,'Nghĩ mà xem... Đã bao lần bạn quyết tâm tập một thói quen tốt nào đó, và mấy hôm sau đâu lại vào đấy? Đã bao lần bạn quyết tâm từ bỏ một thói xấu, nhưng mấy hôm sau, bạn lại phải thề tiếp? Động lực bất thường, kết quả thất thường. Bạn sẽ khó mà có kết quả bền vững, nếu chỉ phụ thuộc vào quyết tâm. Nếu biết cách thay đổi bản thân khoa học.. Bạn sẽ thấy mình không cần hô hào quyết tâm, mà những kết quả tích cực cứ tự động tới. Bạn sẽ không còn những ngày tháng mất động lực, vì bạn liên tục tiến tới gần hơn tới ước mơ của mình. Đó là lý do mà hơn 10 năm qua, Fususu đã dày công học hỏi từ những bậc thầy giỏi nhất, bao gồm cả các giáo sư đại học uy tín, để tìm ra con đường thay đổi bền vững. Nhờ thế, mà anh đã chinh phục được những mục tiêu không tưởng từ rất sớm: Dù 4 điểm Văn, nhưng lại tự viết và xuất bản tới cả chục đầu sách, và đang giúp nhiều tác giả khác. Dù hướng nội, ngại giao tiếp, nhưng lại vô địch thuyết trình hài hước Toastmasters 5 nước Đông Nam Á. Về hưu trước tuổi 30, sống cuộc đời thong dong ý nghĩa, làm việc mình thích, ở nơi mình muốn. Hãy sẵn sàng để khám phá.. Khám phá 3 sai lầm ít biết khiến người đời mãi không thay đổi. Nắm 5 bước xây dựng bất cứ thói quen nào một cách khoa học. Sở hữu 9 vũ khí chia tay những thói quen xấu đeo bám dai dẳng. Fususu tin rằng: “Hầu hết mọi người không thay đổi, không phải vì thiếu quyết tâm, mà là vì quá phụ thuộc vào quyết tâm.” Đã đến lúc phải thay đổi chính cái cách bạn đang dùng để thay đổi! Nên anh thật sự muốn bạn sở hữu cuốn sách này, để có thể tiến tới thành công nhanh hơn x2, sướng hơn x3!'),(13,'Tư Duy Tích Cực Tạo Thành Công',8000,167,'http://books.google.com/books/content?id=iKr5DwAAQBAJ&printsec=frontcover&img=1&zoom=1&edge=curl&source=gbs_api',1,13,1,'NAPOLEON HILL là tác giả của một trong những cuốn sách bán chạy và nổi tiếng nhất thế giới Cách nghĩ để thành công (Think and Grow Rich). Cuốn sách đã được bán ra hơn 60 triệu bản trên khắp thế giới. W. CLEMENT STONE, tác giả thứ hai của cuốn sách này, là người đã tạo dựng nên Combined Insurance Company of America, một công ty bảo hiểm trị giá nhiều triệu đô-la nhờ vận dụng các nguyên tắc thành công trong cuốn sách Cách nghĩ để thành công của Napoleon Hill. Thế rồi hai con người này, nhà tiên phong truyền cảm hứng Napoleon Hill và nhà doanh nghiệp tài ba W. Clement Stone, đã hợp tác với nhau để xác lập nên một trong những mối quan hệ cộng tác đáng nhớ nhất mọi thời đại. Kết quả của mối quan hệ này là sự xuất hiện của cuốn sách đã trở thành một hiện tượng kỳ diệu. Tư duy tích cực tạo thành công giúp khẳng định một sự thật rằng: với thái độ tích cực, bất kỳ ai cũng có thể biến giấc mơ của mình thành hiện thực. Tư duy tích cực tạo thành công (Success Through a Positive Mental Attitude) trình bày cách vận dụng nguyên tắc PMA nhằm “giải thoát” bạn khỏi các vướng bận tinh thần và hướng đến mục tiêu bằng sự kiên trì và hành động tích cực. Với ngôn từ đơn giản, dễ hiểu, các tác giả đã nêu ra: Năm động cơ nội tại đóng vai trò như những bước đệm của thành công. Sáu bước để có được niềm vui cuộc sống, một nhân tố thiết yếu trong các mối quan hệ con người, và; Ba cách giúp bạn vượt qua cảm giác tội lỗi - rào cản thường gặp trên đường đến thành công. Giờ thì Tư duy tích cực tạo thành công đang hiện diện ở thế kỷ 21 và nằm trên tay bạn. Bạn có thể tìm thấy vô số lợi ích và điều mà nhiều thế hệ luôn tìm kiếm, và nhiều người trong số họ đã tìm thấy: đó là một cuộc sống tốt đẹp và hoàn thiện hơn.'),(14,'Nghệ Thuật Lãnh Đạo',13000,180,'http://books.google.com/books/content?id=I0lqDwAAQBAJ&printsec=frontcover&img=1&zoom=1&edge=curl&source=gbs_api',5,14,1,'Sự kêu gọi bước vào chức vụ là sự kêu gọi bước vào vị trí lãnh đạo. Bằng phương pháp lập luận dễ hiểu và thực tiễn, Tiến Sĩ Heward-Mills trình bày nhiều nguyên tắc vàng đã biến ông trở thành một lãnh đạo Cơ Đốc xuất sắc. Lẽ thật được bày tỏ trong sách sẽ khai mở nguồn cảm hứng trong tư duy quý vị độc giả về nghệ thuật lãnh đạo.'),(15,'Sức Mạnh Của Ngôn Ngữ Không Lời',9000,131,'http://books.google.com/books/content?id=EXfcEAAAQBAJ&printsec=frontcover&img=1&zoom=1&edge=curl&source=gbs_api',1,15,1,'Tóm tắt & Review (Đánh Giá) sách Sức Mạnh Của Ngôn Ngữ Không Lời của tác giả Carol Kinsey Goman. CÓ BAO GIỜ BẠN TỰ HỎI... Ấn tượng bạn để lại trong lòng cấp trên của bạn như thế nào? Bạn có nên tin vào những điều cấp trên đã hứa hay không? Bạn đang nuôi dưỡng mối quan hệ với một khách hàng tiềm năng, hay đang lãng phí thời gian của bản thân? Liệu các thành viên trong nhóm có hiểu những gì bạn nói hay không? Làm thế nào để biết rằng anh ấy/cô ấy thật sự ủng hộ ý kiến của bạn? Khán giả đang chán ngán, thất vọng, hay thích thú với những gì bạn đang trình bày? Lời đáp cho những câu hỏi trên đang ở ngay trước mắt bạn. Bạn biết đấy, chính ngôn ngữ là phương tiện được dùng để chuyển tải thông điệp trong công việc cũng như trong giao tiếp thường ngày. Tuy nhiên, có những điều không phải lúc nào cũng được nói ra bằng ngôn ngữ. Chẳng hạn, cấp trên của bạn nói rằng cô ấy sẽ xem xét việc thăng chức cho bạn, nhưng trong khi nói, cô ấy lại khoanh tay và mỉm cười gượng gạo. Rõ ràng hai thông điệp mà cô ấy đưa ra hoàn toàn trái ngược nhau. Tương tự, nếu một khách hàng nói với bạn rằng ông ấy không quan tâm tới chuyện mua xe mới, nhưng ánh mắt ông ấy lại không rời bản hợp đồng trên bàn thì điều đó nghĩa là ông ấy thực sự muốn có một chiếc xe mới. Dấu hiệu của giao tiếp không lời thường tiết lộ những động cơ và cảm xúc ẩn chứa bên trong như sự sợ hãi, lòng trung thực, niềm vui, sự do dự, nỗi thất vọng và hơn thế nữa… Những cử chỉ nhỏ nhặt nhất, như cách đồng nghiệp của bạn đứng hoặc bước vào phòng cũng cho thấy sự tự tin, thận trọng hoặc độ tin cậy nơi họ. Rồi, cách bạn ngồi, đứng hoặc cách bạn nhìn người khác cũng hé lộ phần nào trạng thái cảm xúc trong con người bạn. Bạn là một chuyên gia ngôn ngữ hình thể! Ngay từ lúc lọt lòng, tôi đã là một chuyên gia ngôn ngữ hình thể! Có thể bạn sẽ ngạc nhiên về điều này. Nhưng, giống như tôi – bạn cũng là một chuyên gia như vậy. Khi còn là trẻ sơ sinh, chúng ta đã biết biểu lộ nhiều nét mặt khác nhau để thể hiện tâm trạng và nhu cầu của bản thân. Chúng ta biết chỉ đúng những vật mình thích, biết kết nối với mẹ qua ánh mắt yêu thương. Lớn hơn một chút, chúng ta biết tiếp thu những cử chỉ và biểu hiện phù hợp với truyền thống văn hóa trong gia đình. Rồi khi trưởng thành, chúng ta học cách chọn lọc (và che đậy) những dấu hiệu mình muốn hoặc không muốn. Tất cả những điều đó được thực hiện một cách vô thức. Đối với tôi, từ khi tôi theo học chương trình cao học và chuẩn bị trở thành nhà trị liệu thì việc thực hiện những dấu hiệu không lời đã không còn là vô thức nữa. Tôi bắt đầu để ý tới các cử chỉ mà mình thể hiện hoặc bắt gặp trong giao tiếp. Việc tham gia giảng dạy chương trình Ngôn ngữ Thần kinh học và Phương pháp Erickson trong thôi miên và liệu pháp tâm lý đã dạy tôi cách quan sát những chuyển động mắt, những biểu hiện trên gương mặt và những cử chỉ cơ thể nhằm khám phá sự đồng thuận hay phản kháng ẩn chứa bên trong chúng. Khi tôi bắt đầu tư vấn cho nhiều tổ chức thương mại và diễn thuyết trước đông đảo khán giả trong và ngoài nước, tôi chú ý hơn tới ngôn ngữ cơ thể mình, sao cho mọi cử chỉ, tư thế, và biểu hiện của tôi đều phản ánh chính xác thông điệp mà tôi muốn truyền tải. Sau này, tôi truyền lại ý tưởng và kỹ thuật đó cho các nhân viên và các nhà quản lý mà tôi đào tạo. Trước khi cho ra đời cuốn sách này, tôi đã tìm hiểu hầu hết những tiến bộ gần đây trong nhiều lĩnh vực. Các nhà nghiên cứu thuộc ngành tâm lý học, thần kinh học, y học, xã hội học, nhân chủng học và giao tiếp học đã chia sẻ với tôi phương pháp và suy nghĩ của họ trong lĩnh vực giao tiếp không lời. Nhờ những đóng góp ấy, tôi hiểu hơn vì sao và làm thế nào ngôn ngữ hình thể lại có được sức mạnh kỳ diệu đến như vậy. Ngôn ngữ hình thể nơi công sở Hiểu rõ vai trò của ngôn ngữ hình thể trong các hoạt động thường ngày là việc hết sức quan trọng. Rất nhiều nhân viên, nhà quản lý chỉ vì không đọc được dấu hiệu ngôn ngữ cử chỉ của đối phương, hoặc không nhận ra sự khác biệt về văn hóa khi đưa ra cử chỉ, khiến cho mọi nỗ lực trong mối quan hệ hai bên bị đổ vỡ. cũng như sức mạnh của ngôn ngữ cử chỉ trong giao tiếp, đặc biệt là trong môi trường công sở. Khi nắm vững các kỹ năng được trình bày ở đây, bạn sẽ không chỉ đọc chính xác các dấu hiệu không lời từ đối phương, mà còn biết sử dụng ngôn ngữ hình thể một cách hiệu quả, nhờ đó đạt được lợi thế cạnh tranh trong đàm phán. Và điều này có thể áp dụng vào bất cứ lĩnh vực nào! Thực tế cho thấy, thành công trong công việc gắn liền với trình độ và kỹ năng sử dụng ngôn ngữ hình thể. Những ví dụ sau sẽ chứng minh rất rõ điều ấy. Khả năng lãnh đạo Vào cuối Thời đại Công nghiệp (Industrial Age), hiệu quả của lối quản lý mệnh lệnh và kiểm soát đang suy giảm mạnh. Thay vào đó, các nhà lãnh đạo (từ các thành viên ban quản trị cấp cao đến các tổ trưởng sản xuất) đều phải tìm cách lãnh đạo cấp dưới thông qua ảnh hưởng của mình hơn là dựa vào quyền hành từ chức vụ. Ảnh hưởng đó có được nhờ vào hai khả năng sau: ■ Hiểu tâm lý nhân viên, biết lắng nghe những gì họ nói và biết đọc những thông điệp không lời mà họ thể hiện. ■ Cử chỉ và lời nói phải đồng bộ. Điều này có nghĩa là ngôn ngữ hình thể phải phù hợp với lời nói để từ đó củng cố nội dung muốn truyền đạt thay vì phá hỏng nó. Giáo dục Ngôn ngữ cử chỉ của giáo viên là nhân tố quan trọng thúc đẩy học sinh hoàn thành bài tập về nhà. Nghiên cứu ở các nhóm học sinh tiểu học, trung học và đại học cho thấy, ở mọi lứa tuổi khác nhau, học sinh đều có thiện cảm với những giáo viên hay sử dụng cử chỉ thân thiện hơn, như giao tiếp bằng mắt, gật đầu, hướng người về trước, mỉm cười… Việc phát huy những cử chỉ này ở giáo viên sẽ giúp học sinh có thêm động lực học tập, các em sẽ yêu thích giờ học hơn và sẵn sàng nghe theo lời thầy cô giáo. Bán hàng Khi một nhân viên bán hàng gặp gỡ khách hàng tiềm năng, khách hàng sẽ đánh giá nhân viên ấy dựa vào vẻ ngoài và cách cư xử của họ. Quá trình này chỉ diễn ra trong khoảng bảy giây nhưng ấn tượng đó lại kéo dài. Việc bán hàng được hay không tùy thuộc vào những hành vi không lời được thể hiện ngay trong lần gặp đầu tiên. Trang điểm, tư thế, tác phong, nét mặt và ánh mắt là những yếu tố mà các nhân viên bán hàng thành công cần nắm vững và biết cách vận dụng. Đàm phán Một cuộc đàm phán thành công có thể nhờ vào khả năng nắm bắt những ẩn ý sau lời nói của đối phương. Để có được điều này, bạn cần hiểu được ngôn ngữ hình thể. Nhà đàm phán tài ba là người nhận ra khi nào nên trì hoãn hoặc thúc đẩy quá trình đàm phán. Họ biết cách xoa dịu và bình ổn những tình huống căng thẳng. Tuy nhiên, thay vì chỉ căn cứ vào lời nói, cách chủ yếu họ sử dụng để đánh giá diễn biến xung quanh là quan sát những cử chỉ không lời vốn bộc lộ những động cơ vô thức và dễ bị bỏ qua. Y tế Kỹ năng giao tiếp không lời của bác sĩ đối với bệnh nhân có một vai trò rất quan trọng. Mặc dù không ảnh hưởng trực tiếp đến chất lượng điều trị bệnh (như các thiết bị kỹ thuật, dụng cụ y tế), nhưng việc nhạy bén với những dấu hiệu không lời và thể hiện \"sự thấu cảm lâm sàng\" đối với người bệnh sẽ đem lại cảm giác hài lòng nơi người bệnh, giúp họ bình tâm và lạc quan hơn. Pháp luật Khi thẩm vấn nghi phạm, thay vì chỉ lắng nghe những câu trả lời mâu thuẫn nhau, một cảnh sát được đào tạo bài bản sẽ tìm kiếm những phản ứng tâm lý thoáng qua trên khuôn mặt nghi phạm. Chẳng hạn nụ cười thoáng qua có thể ngầm hiểu rằng nghi phạm tự tin rằng hắn vừa đánh lừa được thẩm vấn viên. Dịch vụ khách hàng Nhiều người cho rằng thái độ phục vụ tận tình của nhân viên chính là chìa khóa đem lại thành công cho dịch vụ khách hàng. Nghiên cứu cho thấy khả năng nhận biết các dấu hiệu không lời của nhân viên cũng quan trọng không kém. Việc nắm bắt ngôn ngữ hình thể một cách tinh tế sẽ giúp nhân viên hiểu rõ khách hàng thật sự đang nghĩ gì hoặc cảm nhận được gì. Xây dựng kỹ năng Vận dụng kỹ năng giao tiếp không lời nghĩa là bạn đi vào tìm hiểu và áp dụng những cử chỉ gần như vô thức trước đó. Thay vì chỉ cảm nhận về một ai đó, bạn có thể nhìn vào dấu hiệu hình thể để đọc suy nghĩ của họ. Thay vì chỉ hy vọng rằng bản thân tạo được ấn tượng tốt thì bạn có thể biết cử chỉ nào giúp bạn có được sự tự tin và lấy được thiện cảm từ đối phương. Nắm được các kỹ năng nghề nghiệp cần thiết này không chỉ giúp bạn học hỏi những điều mới mẻ mà còn giúp bạn nhận thức được sức mạnh của ngôn ngữ cử chỉ để từ đó phát huy hơn nữa năng lực của bản thân. Bạn sẽ biết cách tạo ấn tượng tốt đẹp ngay từ lần gặp đầu tiên. Bạn cũng sẽ biết cách giải mã một ánh mắt, một nét mặt hay cử chỉ nào đó và nhanh chóng xây dựng niềm tin với khách hàng cũng như các thành viên trong nhóm. *** Đánh giá Cuốn sách Sức mạnh của ngôn ngữ không lời của tác giả Carol Kinsey Goman là một tài liệu tham khảo hữu ích cho bất kỳ ai muốn nâng cao kỹ năng giao tiếp của mình, đặc biệt là trong môi trường công sở. Cuốn sách cung cấp một cái nhìn tổng quan toàn diện về ngôn ngữ không lời, từ những khái niệm cơ bản đến các ứng dụng cụ thể trong các lĩnh vực khác nhau. Ưu điểm: Nội dung cuốn sách được trình bày rõ ràng, dễ hiểu, với nhiều ví dụ minh họa sinh động. Cuốn sách cung cấp kiến thức nền tảng về ngôn ngữ không lời, từ những khái niệm cơ bản như ánh mắt, cử chỉ, nét mặt đến những ứng dụng cụ thể trong các lĩnh vực khác nhau như lãnh đạo, bán hàng, đàm phán, dịch vụ khách hàng,... Cuốn sách có tính ứng dụng cao, giúp người đọc nâng cao kỹ năng giao tiếp và thành công hơn trong công việc. Nhược điểm: Một số thông tin trong cuốn sách có thể hơi cũ, cần cập nhật thêm. Kết luận: Cuốn sách Sức mạnh của ngôn ngữ không lời là một tài liệu tham khảo hữu ích cho bất kỳ ai muốn nâng cao kỹ năng giao tiếp của mình. Cuốn sách cung cấp kiến thức nền tảng và các kỹ năng thực tế giúp người đọc hiểu rõ hơn về ngôn ngữ không lời và sử dụng nó một cách hiệu quả trong giao tiếp. Mời các bạn mượn đọc sách Sức Mạnh Của Ngôn Ngữ Không Lời của tác giả Carol Kinsey Goman.'),(16,'21 Cách Học Tiếng Anh Du Kích (song ngữ)',11000,147,'http://books.google.com/books/content?id=96EREAAAQBAJ&printsec=frontcover&img=1&zoom=1&edge=curl&source=gbs_api',1,12,1,'“Làm sao giỏi tiếng Anh mà... không cần học?” Nghe thật lạ, nhưng đó là câu hỏi mà tác giả Fususu đã đặt ra, sau cả chục năm học tiếng Anh trên trường, mà khi cần thì vẫn không dùng được: - Phải học cả ngàn từ mới trên trường, nhưng khi gặp lại vẫn cần tra từ điển. - Phải thuộc cả trăm cấu trúc ngữ pháp, nhưng viết xong một câu vẫn tự hỏi, “Liệu có sai không?” - Dành cả thanh xuân tại các trung tâm tiếng Anh, nhưng khi gặp Tây thì vẫn... (thở dài). - Điểm có thể cao ở trường học, nhưng vẫn cảm giác mình đang “đúp” ở trường đời! Điều gì xảy ra nếu bạn có thể tự tin sử dụng tiếng Anh mà không cần những cuốn giáo trình dày cộp? Cũng không cần mất thời gian tiền bạc tới trung tâm? Mà lại đạt được kết quả như ý? Với niềm tin, “Trước khi bạn biết nói, tiếng mẹ đẻ cũng là ngoại ngữ,” Fususu đã tìm ra phương pháp “du kích”, giúp anh lần lượt chinh phục các mục tiêu không tưởng: + Từng phải học lại tiếng Anh vỡ lòng, nhưng đã tự dịch hơn 6 cuốn sách của mình sang tiếng Anh, trong đó có 1 cuốn tiểu thuyết 100.000 chữ! + Sợ phát âm sai, nhưng lại có thể đạt chức vô địch thuyết trình hài hước Toastmasters khu vực 5 nước Đông Nam Á (bằng tiếng Anh). + Ngại giao tiếp, nhưng lại sáng lập CLB thuyết trình tiếng Anh ACI Toastmasters Online, giúp mọi người tự tin giao tiếp và thuyết trình tiếng Anh. + Được công nhận là World Class Speaking Coach (Nhà Huấn Luyện Diễn Giả Quốc Tế) bởi nhà vô địch thuyết trình thế giới Craig Valentine. Từ 2017, Fususu đã bắt đầu tập hợp các bí quyết học tiếng Anh hiệu quả, và cho ra đời cuốn sách song ngữ độc đáo “21 Cách Học Tiếng Anh Du Kích”. Sau đó, sách đã lọt top bán chạy, giúp ích cho hàng ngàn độc giả: * Tránh những sai lầm chết người khiến cho việc học tiếng Anh ngày càng khổ, mà không hiệu quả. * Nắm được bản chất của cách học ngoại ngữ “thuận theo tự nhiên”. * Sở hữu tới 21 công cụ giúp bạn làm chủ tiếng Anh mọi lúc mọi nơi (kể cả khi ngủ). * Đặc biệt các nguyên lý và bí quyết trong sách có thể áp dụng cho mọi ngoại ngữ. Hiện tại, sách lại được tái bản, cập nhật mới các công cụ mạnh mẽ, kèm thêm quà tặng khóa học đặc biệt cuối sách giúp bạn làm chủ tiếng Anh kể cả khi mất gốc. Nếu bạn không muốn: - Không muốn lãng phí thêm thời gian cho những cách học không hiệu quả. - Không muốn lãng phí thêm tiền bạc cho việc đi học trung tâm, thuê giáo viên. Nếu bạn muốn: + Nắm phương pháp làm chủ nhanh chóng món ngoại ngữ bắt buộc trong thời đại này. + Tự tin sử dụng tiếng Anh như một công cụ giúp bạn chinh phục mục tiêu, thăng tiến nhanh chóng. Hãy sở hữu ngay một cuốn 21 cách học tiếng Anh du kích, và bắt đầu hành trình biến tiếng Anh thành tiếng bố đẻ ngay từ hôm nay.'),(17,'Để Gió Cuốn Đi',15000,163,'http://books.google.com/books/content?id=uDY8EAAAQBAJ&printsec=frontcover&img=1&zoom=1&edge=curl&source=gbs_api',1,16,1,'Viết tự truyện thường là một công việc thú vị để gợi lại những kỷ niệm, ký ức đẹp của một đời người – nhưng – với Nghệ Sĩ Ái Vân - thì dường như ngược lại, chị đã phải hết sức vất vả, trăn trở và cả đau đớn, giằng xé - để cố gắng – với tất cả sức lực của mình – viết ra những trang sách của sự thật - mà rất nhiều lần đọc lại - chị đã không cầm được nước mắt... Đã 26 năm đằng đẵng trôi qua, mà chị chưa một lần được chính thức giãi bày lý do vì sao chị quyết phải bỏ lại phía sau ánh hào quang sân khấu, sự mến mộ của hàng triệu khán thính giả; Vì sao chị buộc phải rời tổ quốc, xa quê hương, xa cha mẹ, xa anh chị em ruột thịt và đồng nghiệp thân yêu... giữa lúc chị đang ở đỉnh cao sự nghiệp và nhà nước đang có nhiều đãi ngộ - để đơn thân lẻ bóng tha phương nơi đất khách quê người với biết bao khổ đau, buồn tủi. Cũng vì điều này mà chính bản thân chị đã chịu biết bao điều oan ức là chị rời bỏ đất nước vì vật chất hay danh vọng nơi xứ người. Và cuốn Tự Truyện này ra đời, như một lời chính thức minh giải cho chị sau gần ba thập kỷ - và – sau cùng – chị cảm thấy nhẹ lòng sau khi trút được gánh nặng “ngàn cân”. Và tất cả đắng cay, đau đớn, tủi nhục đi theo chị suốt một quãng đời cũng chỉ Để Gió Cuốn Đi mà không tự vấn mình, không oán trách một ai- như một ca khúc của cố nhạc sĩ Trịnh Công Sơn. Để Gió Cuốn Đi là cuốn tự truyện không quá nhiều chất văn nhưng vô cùng hình tượng, không nhiều mỹ từ lấp lánh mà rất hấp dẫn, say mê, lôi cuốn lòng người bởi những dòng viết tuôn chảy từ trái tim – mộc mạc - chân thật – sau sắc - lắng đọng, trái ngược với vẻ đẹp kiêu sa, thánh thiện, ngời sáng nơi chị. Người đọc càng bất ngờ hơn khi hiểu được một người Nghệ sỹ tài sắc vẹn toàn, danh tiếng như chị lại có thể có những năm tháng trầm luân, khổ hạnh đến tuyệt vọng – tới mức không thể tin nổi như vậy! Trên ba trăm trang viết tưởng chừng không thể gói hết tất cả những ký ức buồn vui, vinh quanh và khổ tủi của trên 60 năm trải nghiệm, hơn 40 năm mang tiếng hát cho đời và gần 30 năm xa xứ của chị... nhưng Để gió cuốn đi đã thực sự khơi lại trong trái tim người đọc một không gian rộng mở của hoài niệm, kỷ niệm một thời, để riêng dành cho suy ngẫm và nhận định của mỗi người. Cuốn tự truyện còn cho chúng ta sống lại những năm tháng lịch sử rất chân thật một thời hào hùng của cuộc chiến giải phóng dân tộc. Không ai có thể quên được nghệ sĩ Ái Vân đã thể hiện rất xuất sắc vai nữ giao liên xinh đẹp, dũng cảm trong bộ phim nổi tiếng “Chị Nhung” mà bất cứ ai ở Hà Nội và các tỉnh phía Bắc hồi đó có thể quên được. Cuốn sách như những thước phim quay chậm, tái hiện sống động những ký ức và cảm xúc Sài Gòn những ngày sau giải phóng, cuộc sống nghệ sĩ bi hài thời bao cấp, chiến tranh biên giới Tây Nam và tinh thần cuộc chiến tranh chống quân Trung Quốc xâm lược các tỉnh phía Bắc 17/2/1979 với ca khúc thao thức lòng người “Hãy cho tôi lên đường” mà chị đã thể hiện xuất sắc - đã động viên tinh thần những người chiến sĩ lên đường bảo vệ tổ quốc. Từng trang sách làm chúng ta càng thêm hiểu, cảm thông và yêu mến chị hơn. Đọc những trang viết của chị, trong tim mỗi một chúng ta sống lại tiếng hát trong trẻo, ngọt ngào và trẻ trung của chị với những ca khúc bất hủ một thời: “Bài ca xây dựng”, “Triệu đóa hồng đỏ thắm”, “Tổ quốc yêu thương”, “Hãy cho tôi lên đường”, “Mặt trời chưa bao giờ mọc như thế”... Nhưng thật bất ngờ và thú vị - điểm khác biệt nổi bật nhất – so với tất cả những cuốn tự truyện khác - ở Việt Nam, và ngay cả trên thế giới - được bạn đọc quan tâm nhất lại không phải là những trang sách có chữ - mà là những trang sách bị xóa trắng trên nền biển bão tố, bắt đầu từ trang 242 và kết thúc ở trang 248 với hình nền cơn lốc xoáy để bắt đầu phần 15 – VƯỢT BIÊN. Những trang này thể hiện cho 8.808 từ mà khi thực hiện, First News và nghệ sĩ Ái Vân đã quyết định không xới lại nỗi đau đớn nhất của chị - và - có thể ảnh hưởng đến những người liên quan. Đây chính là phần mà người đọc lắng đọng lại nhiều nhất và tưởng tượng những biến cố khủng khiếp nào đã ập xuống cuộc đời khiến chị không còn đường nào khác, không còn nơi ẩn nấp an toàn... phải quyết định trốn chạy khỏi tổ quốc, nơi chôn nhau cắt rốn và những người ruột thịt của mình. Không ai có thể không dừng lại suy nghĩ khi đọc 8 dòng duy nhất đầy ý nghĩa mà chị đã viết cho phần này: “Tôi đã cố gắng viết cho xong mục này – 8.808 từ cả thảy. Câu chuyện tôi chưa từng kế ra này cho biết lý do vì sao tôi buộc phải rời Tổ quốc năm 1990 khi tôi đang được nhà nước có nhiều ưu ái. Nhưng vì câu chuyện quá đau đớn, khi đọc lại tôi không thể chịu nổi. Con trai tôi – nếu đọc được phần này – chắc chắn cũng sẽ không chịu nổi. Vì thế - sau nhiều đêm suy nghĩ – tôi xin lỗi bạn đọc – cho phép tôi được xóa trắng mục này!” Vâng! Tất cả chúng ta đều ước mong những năm tháng dằn vặt, đau đớn, tủi hận của chị - hay của bất kỳ ai khác, đã từng gánh chịu – sẽ Để Gió Cuốn Đi – còn lại là - những năm tháng đầy ấm áp, yêu thương!'),(18,'Mở Cửa Trái Tim',6000,176,'http://books.google.com/books/content?id=lVvVEAAAQBAJ&printsec=frontcover&img=1&zoom=1&edge=curl&source=gbs_api',1,17,1,'Mở cửa trái tim được biên dịch từ “Opening The Door Of Your Heart” ấn bản mới, quyển sách bao gồm những câu chuyện của chính sư trụ trì Ajahn Brahm và những câu chuyện khác được ông dùng để hỗ trợ cho việc giảng dạy của mình. Những câu chuyện trong Mở cửa trái tim không chỉ là những câu chuyện về hạnh phúc mà còn là những câu chuyện về tình yêu, về sự tha thứ, về lòng bao dung… Quyển sách đã được phát hành nhiều ngàn bản bằng nhiều ngôn ngữ khác nhau, riêng bản tiếng Thái đã được phát hành hơn 100.000 bản. Sự hiểu biết sâu sắc, tình thương yêu và lòng từ bi chảy xuyên suốt qua những câu chuyện của thầy Ajahn Brahm giống như những dòng sông của nguồn hy vọng; nó khéo léo trong việc liên hệ đến lời dạy của đức Phật và con đường đạt được hạnh phúc thật sự. Mỗi câu chuyện kể, ẩn chứa bên trong nó là bài học về chánh niệm, trí tuệ và từ bi - những yếu tố nền tảng của Phật giáo. “Sự thật” bên trong mỗi câu chuyện sẽ được khám phá qua chính kinh nghiệm trong đời sống của mỗi chúng ta.'),(19,'Cuộc đời là một tiểu thuyết',15000,161,'http://books.google.com/books/content?id=kHt5zgEACAAJ&printsec=frontcover&img=1&zoom=1&source=gbs_api',6,18,1,'Vietnamese edition of Guillaume Musso latest mystery novel which is also hinged on his won life experience as a writer. Vietnamese translation by Danh Viet.'),(20,'Facebook Marketing từ A đến Z',9000,193,'http://books.google.com/books/content?id=IQL8DwAAQBAJ&printsec=frontcover&img=1&zoom=1&edge=curl&source=gbs_api',3,19,1,'Logic, đơn giản và dễ hiểu là những gì Facebook Marketing từ A đến Z của tác giả Trung Đức đem lại cho người đọc. Bạn sẽ dễ dàng tìm được câu trả lời cho những vấn đề rắc rối về các công cụ, kỹ thuật marketing thời đại số qua những bí quyết được sắp xếp vô cùng logic từ mức độ dễ đến khó. Bạn chỉ là người mới bắt đầu, hay đã có được một số nền tảng nhất định, không sao cả, cuốn sách này chắc chắn dành cho bạn vì học hỏi kinh nghiệm thực tế từ một người có thành tích thâm niên trong nghề như tác giả Trung Đức không bao giờ là một điều thừa thãi. Không chỉ được sắp xếp theo trình tự logic hợp lý, các ví dụ trong quyển sách này còn được minh hoạ bằng những hình ảnh rõ ràng cụ kể kết hợp với lối dẫn dắt mạch lạc sẽ giúp bạn có được cái nhìn tổng quan lẫn chi tiết về các hoạt động marketing cụ thể trên mạng xã hội facebook. Tất cả câu trả lời của bạn sẽ nằm ở đây trừ khi nhà sáng lập facebook Mark Zuckerberg cải biến nó thành một điều gì đó khác biệt hơn bây giờ gấp nhiều lần. Đi từ những bài học nhỏ đến những bài học lớn, từ những cấp độ đơn giản đến những kỹ thuật khó khăn hơn, Facebook Marketing từ A đến Z cung cấp cho bạn tất tần tật những gì có thể liên quan đến mạng xã hội lớn nhất thế giới này. Đó có thể là cơ chế vận hành của facebook, về cách mạng xã hội này khai thác và phân tích tư duy lẫn hành vi người dùng, những công cụ giúp mang đến thông tin hữu ích để bạn có thể đánh trúng được khách hàng mục tiêu cho chiến lược marketing của mình.'),(21,'How psychology works',9000,141,'http://books.google.com/books/content?id=USXIzgEACAAJ&printsec=frontcover&img=1&zoom=1&source=gbs_api',4,20,1,'Explore the human mind and examine the science behind how people think and act in a wide variety of everyday situations with this visual guide to applied psychology.'),(22,'Ai vào địa ngục',5000,137,'http://books.google.com/books/content?id=kIsDA-Ycd_QC&printsec=frontcover&img=1&zoom=1&edge=curl&source=gbs_api',5,21,1,'Tập sách mỏng này không có tham vọng đề cập đến chủ đề trên một cách bao quát cả thời gian và không gian, mà chỉ mong muốn thông qua những gì được truyền lại từ thuở xa xưa để nêu lên một số nhận xét, phân tích rất gần gũi và thiết thực về những khái niệm thiên đường và địa ngục. Mỗi chúng ta có thể tin nhận hoặc không tin nhận, có thể hiểu theo cách này hoặc cách khác, và bản thân người viết cũng đã vận dụng quyền phán đoán độc lập của mình khi đưa ra những lập luận trong sách này. Tuy nhiên, vẫn có những điều mà hy vọng tất cả chúng ta đều có thể dễ dàng đồng ý với nhau, đơn giản chỉ là vì chúng hoàn toàn phù hợp với những gì mà mỗi chúng ta đều tiếp xúc và cảm nhận hằng ngày trong cuộc sống. Nền văn minh nhân loại ngày nay thực sự là điểm đến của một quá trình phát triển kéo dài qua hàng ngàn năm lịch sử. Trong đó, khoa học, triết học, tôn giáo và tất cả các thành tựu tri thức khác của nhân loại đều có những tiến triển nhất định so với điểm khởi đầu của chúng. Vì thế, chúng ta sẽ không có đủ điều kiện để nhìn lại tất cả những chuyển biến trong suốt chiều dài lịch sử. Tuy nhiên, trên tinh thần \"ôn cố tri tân\", chúng ta cũng sẽ không thể không nhớ về những gì mà người xưa đã từng nói đến. Tín đồ của một tôn giáo nào đó sống trong thế giới hiện đại ngày nay có thể hiểu về thiên đường hay địa ngục không hoàn toàn giống với những tín đồ của cùng một tôn giáo đó đã sống cách đây vài ba mươi năm, vài trăm năm hoặc cho đến hơn ngàn năm... Tuy nhiên, họ vẫn có những niềm tin cơ bản rất giống nhau, vẫn có những điểm chung để ta có thể dễ dàng nhận ra được là họ tin theo cùng một tôn giáo. Vì thế, vẫn có những lý do rất thuyết phục để chúng ta có thể tin chắc rằng, cho dù khoa học hiện đại có phát triển đến mức nào đi chăng nữa, nhân loại vẫn sẽ tiếp tục đặt niềm tin vào một số vấn đề mà khoa học không sao có thể chứng minh cụ thể hoặc giải thích bằng vào những nguyên lý hay định luật đã có được.'),(23,'Giải Bài Tập SGK Toán 8 - Cánh Diều (Tập 2)',5000,177,'http://books.google.com/books/content?id=42TgEAAAQBAJ&printsec=frontcover&img=1&zoom=1&edge=curl&source=gbs_api',7,5,1,'Với Giải Bài Tập Sách giáo khoa (SGK) Toán 8 - Cánh Diều (Tập 2) hay nhất, cách giải, cách soạn bài dễ học, dễ hiểu. Các bài tập, câu hỏi trong sách được sắp xếp khoa học, dễ tìm chi tiết đầy đủ Tập 2 chương trình sách mới sẽ giúp học sinh dễ dàng làm bài tập Toán lớp 8. Mục Lục: Giải Toán 8 Cánh diều Tập 2 Chương 6: Một số yếu tố thống kê và xác suất Bài 1: Thu thập và phân loại dữ liệu Bài 2: Mô tả và biểu diễn dữ liệu trên các bảng, biểu đồ Bài 3: Phân tích và xử lí dữ liệu thu được ở dạng bảng, biểu đồ Bài 4: Xác suất của biến cố ngẫu nhiên trong một số trò chơi đơn giản Bài 5: Xác suất thực nghiệm của một biến cố trong một số trò chơi đơn giản Bài tập cuối chương 6 Chương 7: Phương trình bậc nhất một ẩn Bài 1: Phương trình bậc nhất một ẩn Bài 2: Ứng dụng của phương trình bậc nhất một ẩn Bài tập cuối chương 7 Chương 8: Tam giác đồng dạng. Hình đồng dạng Bài 1: Định lí Thalès trong tam giác Bài 2: Ứng dụng của định lí Thalès trong tam giác Bài 3: Đường trung bình của tam giác Bài 4: Tính chất đường phân giác của tam giác Bài 5: Tam giác đồng dạng Bài 6: Trường hợp đồng dạng thứ nhất của tam giác Bài 7: Trường hợp đồng dạng thứ hai của tam giác Bài 8: Trường hợp đồng dạng thứ ba của tam giác Bài 9: Hình đồng dạng Bài 10: Hình đồng dạng trong thực tiễn Bài tập cuối chương 8 Hoạt động thực hành và trải nghiệm Chủ đề 3: Thực hành đo chiều cao'),(24,'Chí Phèo, tác phẩm và dư luận',13000,181,'http://books.google.com/books/content?id=131kAAAAMAAJ&printsec=frontcover&img=1&zoom=1&source=gbs_api',8,22,1,'Contributed articles on Chí Phèo and selected short stories of Nam Cao.'),(25,'Einstein - The Man, the Genius, and the Theory of Relativity',14000,153,'http://books.google.com/books/content?id=BAibzwEACAAJ&printsec=frontcover&img=1&zoom=1&source=gbs_api',9,23,1,'A. Einstein was a genius of mankind. He is of Jewish descent, born in Germany and a citizen of the United States.The book introduces his role in the development of the atomic bomb and his efforts to preserve world peace . Einstein\'s theory of relativity won the Nobel Prize. There has not been a scientist in the world devoted to science and physics as talented and extraordinary as A. Einstein.'),(26,'Dịch Kinh Đại Toàn - Tập 1',15000,151,'http://books.google.com/books/content?id=uRzYEAAAQBAJ&printsec=frontcover&img=1&zoom=1&edge=curl&source=gbs_api',10,24,1,'Có nhiều bè bạn thấy chúng tôi cho xuất bản bộ Dịch Kinh Đại Toàn, khoảng 1500 trang, hỏi chúng tôi tại sao trên thị trường đã có nhiều bộ Kinh Dịch, còn ra thêm, và như vậy nó có những đặc điểm gì? Tôi thấy đó là một câu hỏi hữu lý, nên tôi sẽ trình bầy cùng quí vị tại sao tôi viết bộ Dịch Kinh Đại Toàn này. Tôi bắt đầu soạn thảo bộ Dịch Kinh này vào khoảng năm 1966. Tôi định bỏ ra 15 năm để hoàn tất nó, nhưng may thay sau hơn 7 năm miệt mài nghiên cứu, thì đã hoàn thành được. Khi ấy, tôi đi mua, hoặc đi mượn tất cả những sách Dịch bằng Hán Văn, Anh văn, Pháp văn và Việt văn hiện có lúc bấy giờ. Đọc qua những tác phẩm của cụ Từ Thanh, Phan Bội Châu, Nguyễn Mạnh Bảo, Ngô Tất Tố, Nguyễn Duy Tinh, v.v... tôi thấy lời văn thật là khó hiểu. Về Hán Văn, tôi may mắn có bộ Tuân Bổ Ngự Án Dịch Kinh Đại Toàn, xuất bản ngày 18 tháng 3 năm Khang Hi 54 tức 1715, do các vị khoa bảng xưa cho tôi. Quyển này mỗi quẻ đều có lời bình của Trình Tử, Chu Hi, Khang Hi và chư tử chứ không phải là tư tưởng của riêng ai. Về Anh văn, tôi có những bộ như của James Legge, Wilhelm / Baynes, R. G. H Siu, v.v... Tôi thấy những bộ trên không có gì đặc sắc. Về La Ngữ, tôi có đọc bộ của P. Regis, Yiking, antiquissimus Sinarum liber. Về Pháp văn, tôi có De Harlez, Le Yiking, texte primitif rétabli, trad. et commentaires. Philastre, P. L. F. Le Yiking ou Livre de Changements de la dynastie des Tscheou traduit pour la première fois du Chinois en Francais. Tôi cũng đã đọc Bộ Dịch của cụ Nguyễn Hiến Lê, xuất bản gần đây ở hải ngoại. Sách trình bầy sáng sủa. Tiếc rằng cụ đã bỏ đi Thập Dực, và như cụ nói, Cụ đã hoàn thành bộ sách này trong vòng có 2 năm, và chỉ soạn lại bộ Dịch của cụ Phan bội Châu mà thôi. Tất cả đều không có gì làm tôi phải say sưa, bái phục. Gần đây, có vô số sách Dịch bằng Anh văn, nhưng toàn thiên về bói toán. Theo tôi, Kinh Dịch không phải sách bói toán, vì Phục Hi, Văn Vương, Chu Công, Khổng Tử, Trình Tử, Chu Hi không hề bói toán. Tôi không bói toán. Trong Hệ Từ Thượng chỉ bàn qua về phép bói Dịch bằng cỏ Thi, và trong Ngũ Hành bàn qua về luật Tương sinh, Tương khắc, để quí vị nào thích bói toán, địa lý nghiên cứu thêm, chứ không biết gì về cách bói gieo tiền theo Dã Hạc, và Bốc Dịch chính tông, hay cách bói Mai Hoa Dịch số của Thiệu Khang Tiết. Nhiều người đi vào Dịch, cũng là muốn học bói toán. Họ có biết đâu rằng bói toán là một năng khiếu do Trời ban. Muốn bói hay, phải có giác quan thứ sáu, (quí vị nào thích nghiên cứu về bói toán, thì xin đọc phần Ngũ Hành, nơi quyển I, và nơi quyển III Hệ từ Thượng Chương 9). Nay, bên Trung Quốc cho in ra nhiều sách Dịch, như bộ Chu Dịch Đại Tự Điển, dày 1546 trang, hay bộ Bạch Thư Chu Dịch, một bộ Dịch đã được khai quật lên từ một ngôi mộ nhà Hán, ở Mã Vương Đôi, Trường Sa, tháng 12, năm 1973. Bộ này viết trên lụa trắng, vì thế gọi là Bạch Thư, và đã được Trương Lập Văn nghiên cứu và dịch ra Bạch thoại. Có người khuyên tôi mua, nhưng tôi không bao giờ đi vào con đường Sách uẩn, Hành quái, không bao giờ đi vào con đường quái dị để cầu danh, nên tôi đã không mua. Tôi quen nhiều vị khoa bảng, và ngỏ ý xin thụ giáo các Cụ về Dịch Lý. Nhưng cụ nào cũng nói không biết gì về Dịch Lý, vì không học Dịch khi đi thi, và các Cụ đề nghị vào tủ sách các Cụ thấy cái gì hay thì cụ biếu, chứ đừng hỏi về Dịch. Cụ Phó Bảng Nguyễn Hà Hoàng (Điện Bàn - Quảng Nam), cho tôi một phần bộ Tuân bổ Ngự Án. Cụ cử Lương Trọng Hối (Quế Sơn - Quảng Nam) cho tôi bộ Kinh Dịch của Lai Trí Đức. *** Dịch Kinh Đại Toàn gồm có: Dịch Kinh Đại Toàn Tập 1: Yếu Chỉ Dịch Kinh Đại Toàn Tập 2: Thượng Kinh Dịch Kinh Đại Toàn Tập 3: Hạ Kinh'),(27,'Tiến hóa: Thực tế hay Đức tin?',6000,158,'http://books.google.com/books/content?id=xhPmDwAAQBAJ&printsec=frontcover&img=1&zoom=1&edge=curl&source=gbs_api',5,25,1,'Lý thuyết tiến hóa đã trở thành một cảm giác một tôn giáo khoa học. Hầu như tất cả các nhà khoa học đã chấp nhận nó và nhiều người đang chuẩn bị để uốn cong quan sát của họ để phù hợp với nó.'),(28,'BIỆN CHỨNG GIỮA LÝ LUẬN VÀ THỰC TIỄN CỦA CHỦ NGHĨA MÁC - LÊNIN VÀ TƯ TƯỞNG HỒ CHÍ MINH',14000,138,'http://books.google.com/books/content?id=Hc-nEAAAQBAJ&printsec=frontcover&img=1&zoom=1&edge=curl&source=gbs_api',3,10,1,'1. MỞ ĐẦU Biện chứng giữa lý luận và thực tiễn là một trong những nội dung quan trọng và là một nguyên tắc cơ bản của triết học Mác - Lênin. Nhận thức đúng đắn và sâu sắc nội dung biện chứng giữa lý luận và thực tiễn có ý nghĩa to lớn đối với đời sống và sự phát triển của xã hội nói chung và đối với công tác lãnh đạo quản lý của cán bộ, đảng viên nói riêng. Sau hơn 30 năm thực hiện đường lối đổi mới, nhờ vận dụng sáng suốt biện chứng giữa lý luận và thực tiễn, Đảng ta đã căn cứ vào thực tiễn đất nước để không ngừng hoàn thiện lý luận, đường lối, chủ trương, lãnh đạo Nhà nước xây dựng chiến lược phát triển kinh tế - xã hội, đưa đất nước vượt qua khủng hoảng, đạt được những thành quả quan trọng trong thời kỳ đổi mới, hội nhập. Sự lãnh đạo đúng đắn đó bắt nguồn từ việc quán triệt nguyên tắc thống nhất giữa lý luận với thực tiễn chủ nghĩa Mác - Lênin, tư tưởng Hồ Chí Minh trên cơ sở điều kiện thực tiễn của cách mạng Việt Nam. Với nhận thức như vậy, chúng ta có thể thấy rằng nhận thức biện chứng giữa lý luận và thực hiện có ý nghĩa thời sự, cấp thiết. Do đó, tôi lựa chọn vấn đề biện chứng giữa lý luận và thực tiễn làm đề tài tiểu luận kết thúc môn học của mình. Tiểu luận tập trung nghiên cứu và làm rõ nội dung biện chứng giữa lý luận và thực tiễn của chủ nghĩa Mác - Lênin và tư tưởng Hồ Chí Minh. Từ đó, vận dụng mối quan hệ biện chứng đó vào công tác lãnh đạo quản lý và bản thân. Để đạt được mục tiêu nêu trên, tiểu luận tập trung làm rõ hệ thống khái niệm, những nội dung cơ bản và ý nghĩa phương pháp luận đối với công tác lãnh đạo quản lý và bản thân. Cơ sở lí luận của đề tài tiểu luận là quan điểm của chủ nghĩa Mác - Lênin, tư tưởng Hồ Chí Minh; quan điểm chỉ đạo của Đảng và Nhà nước trong nghiên cứu lý luận chính trị. Trong đó, chủ nghĩa duy vật biện chứng và duy vật lịch sử là phương pháp luận của việc nghiên cứu, thực hiện đề tài luận án. Ngoài cơ sở lí luận và phương pháp luận nêu trên, tác giả còn sử dụng các phương pháp như: phân tích, tổng hợp, lịch sử, logic, quy nạp, diễn dịch, thống kê, so sánh… nhằm tìm kiếm, phân tích các kết quả nghiên cứu có sẵn để miêu tả, khái quát hoá toàn cảnh về chủ đề nghiên cứu từ các góc độ khác nhau'),(29,'A Brief History of Time',10000,177,'http://books.google.com/books/content?id=oZhagX6UWOMC&printsec=frontcover&img=1&zoom=1&edge=curl&source=gbs_api',11,26,1,'#1 NEW YORK TIMES BESTSELLER A landmark volume in science writing by one of the great minds of our time, Stephen Hawking’s book explores such profound questions as: How did the universe begin—and what made its start possible? Does time always flow forward? Is the universe unending—or are there boundaries? Are there other dimensions in space? What will happen when it all ends? Told in language we all can understand, A Brief History of Time plunges into the exotic realms of black holes and quarks, of antimatter and “arrows of time,” of the big bang and a bigger God—where the possibilities are wondrous and unexpected. With exciting images and profound imagination, Stephen Hawking brings us closer to the ultimate secrets at the very heart of creation.'),(30,'Kiến thức cơ bản về Trí tuệ nhân tạo',15000,153,'http://books.google.com/books/content?id=V9sBEAAAQBAJ&printsec=frontcover&img=1&zoom=1&edge=curl&source=gbs_api',12,27,1,'Sách \"Kiến thức cơ bản về Trí tuệ nhân tạo\" được nhóm tác giả dịch và biên soạn từ cuốn sách \"Fundamentals of Artificial Intelligence\" - tác giả Tang Xiaoou. Đây là quyển sách giáo khoa đầu tiên của chính phủ Trung Hoa cho học sinh trung học và nó đã xóa tan nghi ngờ về việc liệu Trí tuệ nhân tao (Artificial Intelligence - AI) có quá khó để giảng dạy cho học sinh. cuốn sách gồm 9 chương, trong đó chương đầu tiên đề cập đến lịch sử phát triển của AI, các chương sau phân tích những ứng dụng của AI trong cuộc sống như phân loại, nhận dạng, phân tích âm thanh, video, văn bản... Khi tìm hiểu, người đọc sẽ thấy được AI là gì và tại sao có thể làm được như vậy. Các kiến thức được giới thiệu từ cơ bản đến chuyên sâu như mạng nơron, feature vector, support vector machine, học có giám sát và không giám sát, học tăng cường, optical flow, generative adversarial network, cây tìm kiếm Monte Carlo... Hiện tại cuốn sách chỉ có phần lý thuyết, phần thực hành sẽ được VIETSTEM bổ sung trong thời gian sớm nhất. Các bạn có thể xem trực tiếp bằng máy tính, điện thoại hay máy tính bảng.'),(31,'Tri thức đặc biệt: Giải thích các bí hiểm Vũ trụ',6000,155,'http://books.google.com/books/content?id=AZowEAAAQBAJ&printsec=frontcover&img=1&zoom=1&edge=curl&source=gbs_api',5,28,1,'BẢN THỂ VẬT CHẤT CẤU THÀNH VŨ TRỤ- THỐNG NHẤT ĐỊNH LUẬT VŨ TRỤ (ĐẠO TRỜI) BẢN CHẤT CON NGƯỜI. KHOA HỌC TÂM LINH. THỐNG NHẤT TIẾN BỘ NHÂN LOẠI'),(32,'Hợp Nhất Với Vũ Trụ',10000,163,'http://books.google.com/books/content?id=bArIEAAAQBAJ&printsec=frontcover&img=1&zoom=1&edge=curl&source=gbs_api',1,29,1,'Hợp nhất vũ trụ được trình bày trang trọng, lấy gam màu thiền làm chủ đạo. Mỗi trang sách là một kiểu trình bày nhẹ nhàng, ấn tượng không quá nhiều chữ để bạn có cảm giác mỏi mắt, ngán ngại, mà mỗi trang sách như là lời chia sẻ nhẹ nhàng của người thấu hiểu và luôn theo sát bạn. Nếu bạn bắt gặp trong cuốn sách này những đoạn ảnh hưởng mạnh mẽ đến mình, hãy nhận ra rằng cảm giác ấy chính là sức mạnh tinh thần từ cuốn sách đã thấm vào bạn, đấy là câu trả lời cho câu hỏi “Tôi là ai?”. Chỉ có Tâm hồn mới có thể nhận ra sức mạnh và sự đồng cảm của Tâm hồn. Chúng tôi tin chắc rằng, có trong tay cuốn sách Hợp nhất vũ trụ bạn sẽ không đọc một lần mà bạn sẽ luôn mang theo nó bên mình và sẽ mở cuốn sách khi cảm thấy khó khăn, bối rối trong trong tâm hồn bạn.');
/*!40000 ALTER TABLE `book` ENABLE KEYS */;
UNLOCK TABLES;

--
-- Table structure for table `category`
--

DROP TABLE IF EXISTS `category`;
/*!40101 SET @saved_cs_client     = @@character_set_client */;
/*!50503 SET character_set_client = utf8mb4 */;
CREATE TABLE `category` (
  `id` int NOT NULL AUTO_INCREMENT,
  `name` varchar(255) NOT NULL,
  PRIMARY KEY (`id`),
  UNIQUE KEY `name` (`name`)
) ENGINE=InnoDB AUTO_INCREMENT=13 DEFAULT CHARSET=utf8mb4 COLLATE=utf8mb4_0900_ai_ci;
/*!40101 SET character_set_client = @saved_cs_client */;

--
-- Dumping data for table `category`
--

LOCK TABLES `category` WRITE;
/*!40000 ALTER TABLE `category` DISABLE KEYS */;
INSERT INTO `category` VALUES (3,'Antiques & Collectibles'),(6,'Authors'),(10,'Body, Mind & Spirit'),(2,'Business & Economics'),(12,'Computers'),(7,'Education'),(9,'Physicists'),(4,'Psychology'),(5,'Religion'),(11,'Science'),(1,'Self-Help'),(8,'Vietnamese literature');
/*!40000 ALTER TABLE `category` ENABLE KEYS */;
UNLOCK TABLES;

--
-- Table structure for table `comment`
--

DROP TABLE IF EXISTS `comment`;
/*!40101 SET @saved_cs_client     = @@character_set_client */;
/*!50503 SET character_set_client = utf8mb4 */;
CREATE TABLE `comment` (
  `id` int NOT NULL AUTO_INCREMENT,
  `content` varchar(255) NOT NULL,
  `created_date` datetime NOT NULL,
  `user_id` int NOT NULL,
  `book_id` int NOT NULL,
  PRIMARY KEY (`id`),
  KEY `user_id` (`user_id`),
  KEY `book_id` (`book_id`),
  CONSTRAINT `comment_ibfk_1` FOREIGN KEY (`user_id`) REFERENCES `user` (`id`),
  CONSTRAINT `comment_ibfk_2` FOREIGN KEY (`book_id`) REFERENCES `book` (`id`)
) ENGINE=InnoDB AUTO_INCREMENT=9 DEFAULT CHARSET=utf8mb4 COLLATE=utf8mb4_0900_ai_ci;
/*!40101 SET character_set_client = @saved_cs_client */;

--
-- Dumping data for table `comment`
--

LOCK TABLES `comment` WRITE;
/*!40000 ALTER TABLE `comment` DISABLE KEYS */;
INSERT INTO `comment` VALUES (1,'1','2025-03-11 13:11:24',1,1),(2,'2','2025-03-11 13:11:24',2,1),(3,'3','2025-03-11 13:11:24',3,1),(4,'4','2025-03-11 13:11:24',4,1),(5,'5','2025-03-11 13:11:24',5,1),(6,'6','2025-03-11 13:11:24',6,1),(7,'7','2025-03-11 13:11:24',7,1),(8,'8','2025-03-11 13:11:24',8,1);
/*!40000 ALTER TABLE `comment` ENABLE KEYS */;
UNLOCK TABLES;

--
-- Table structure for table `configuration`
--

DROP TABLE IF EXISTS `configuration`;
/*!40101 SET @saved_cs_client     = @@character_set_client */;
/*!50503 SET character_set_client = utf8mb4 */;
CREATE TABLE `configuration` (
  `id` int NOT NULL AUTO_INCREMENT,
  `min_import_quantity` int NOT NULL,
  `min_stock_quantity` int NOT NULL,
  `time_to_end_order` int NOT NULL,
  `quick_ship` int NOT NULL,
  PRIMARY KEY (`id`)
) ENGINE=InnoDB AUTO_INCREMENT=2 DEFAULT CHARSET=utf8mb4 COLLATE=utf8mb4_0900_ai_ci;
/*!40101 SET character_set_client = @saved_cs_client */;

--
-- Dumping data for table `configuration`
--

LOCK TABLES `configuration` WRITE;
/*!40000 ALTER TABLE `configuration` DISABLE KEYS */;
INSERT INTO `configuration` VALUES (1,150,300,48,0);
/*!40000 ALTER TABLE `configuration` ENABLE KEYS */;
UNLOCK TABLES;

--
-- Table structure for table `import_details`
--

DROP TABLE IF EXISTS `import_details`;
/*!40101 SET @saved_cs_client     = @@character_set_client */;
/*!50503 SET character_set_client = utf8mb4 */;
CREATE TABLE `import_details` (
  `id` int NOT NULL AUTO_INCREMENT,
  `quantity` int NOT NULL,
  `import_ticket_id` int NOT NULL,
  `book_id` int NOT NULL,
  PRIMARY KEY (`id`),
  KEY `import_ticket_id` (`import_ticket_id`),
  KEY `book_id` (`book_id`),
  CONSTRAINT `import_details_ibfk_1` FOREIGN KEY (`import_ticket_id`) REFERENCES `import_ticket` (`id`),
  CONSTRAINT `import_details_ibfk_2` FOREIGN KEY (`book_id`) REFERENCES `book` (`id`)
) ENGINE=InnoDB DEFAULT CHARSET=utf8mb4 COLLATE=utf8mb4_0900_ai_ci;
/*!40101 SET character_set_client = @saved_cs_client */;

--
-- Dumping data for table `import_details`
--

LOCK TABLES `import_details` WRITE;
/*!40000 ALTER TABLE `import_details` DISABLE KEYS */;
/*!40000 ALTER TABLE `import_details` ENABLE KEYS */;
UNLOCK TABLES;

--
-- Table structure for table `import_ticket`
--

DROP TABLE IF EXISTS `import_ticket`;
/*!40101 SET @saved_cs_client     = @@character_set_client */;
/*!50503 SET character_set_client = utf8mb4 */;
CREATE TABLE `import_ticket` (
  `id` int NOT NULL AUTO_INCREMENT,
  `excel_url` varchar(255) NOT NULL,
  `import_date` datetime NOT NULL,
  PRIMARY KEY (`id`)
) ENGINE=InnoDB DEFAULT CHARSET=utf8mb4 COLLATE=utf8mb4_0900_ai_ci;
/*!40101 SET character_set_client = @saved_cs_client */;

--
-- Dumping data for table `import_ticket`
--

LOCK TABLES `import_ticket` WRITE;
/*!40000 ALTER TABLE `import_ticket` DISABLE KEYS */;
/*!40000 ALTER TABLE `import_ticket` ENABLE KEYS */;
UNLOCK TABLES;

--
-- Table structure for table `order`
--

DROP TABLE IF EXISTS `order`;
/*!40101 SET @saved_cs_client     = @@character_set_client */;
/*!50503 SET character_set_client = utf8mb4 */;
CREATE TABLE `order` (
  `id` int NOT NULL AUTO_INCREMENT,
  `initiated_date` datetime NOT NULL,
  `cancel_date` datetime NOT NULL,
  `total_payment` int NOT NULL,
  `received_money` int DEFAULT NULL,
  `paid_date` datetime DEFAULT NULL,
  `delivered_date` datetime DEFAULT NULL,
  `payment_method_id` int NOT NULL,
  `customer_id` int NOT NULL,
  `staff_id` int NOT NULL,
  `delivery_at` varchar(255) DEFAULT NULL,
  PRIMARY KEY (`id`),
  KEY `payment_method_id` (`payment_method_id`),
  KEY `customer_id` (`customer_id`),
  KEY `staff_id` (`staff_id`),
  CONSTRAINT `order_ibfk_1` FOREIGN KEY (`payment_method_id`) REFERENCES `payment_method` (`id`),
  CONSTRAINT `order_ibfk_2` FOREIGN KEY (`customer_id`) REFERENCES `user` (`id`),
  CONSTRAINT `order_ibfk_3` FOREIGN KEY (`staff_id`) REFERENCES `user` (`id`)
) ENGINE=InnoDB AUTO_INCREMENT=27 DEFAULT CHARSET=utf8mb4 COLLATE=utf8mb4_0900_ai_ci;
/*!40101 SET character_set_client = @saved_cs_client */;

--
-- Dumping data for table `order`
--

LOCK TABLES `order` WRITE;
/*!40000 ALTER TABLE `order` DISABLE KEYS */;
INSERT INTO `order` VALUES (1,'2023-01-01 00:00:00','2023-01-03 00:00:00',187000,187000,'2023-01-01 02:00:00','2023-01-01 03:00:00',1,3,2,'VN'),(2,'2023-01-21 00:00:00','2023-01-23 00:00:00',200000,200000,'2023-01-21 10:00:00','2023-01-21 11:00:00',1,4,2,'VN'),(3,'2023-02-10 00:00:00','2023-02-12 00:00:00',223000,223000,'2023-02-10 05:00:00','2023-02-10 06:00:00',1,5,2,'VN'),(4,'2023-03-02 00:00:00','2023-03-04 00:00:00',142000,142000,'2023-03-02 08:00:00','2023-03-02 09:00:00',1,6,2,'VN'),(5,'2023-03-22 00:00:00','2023-03-24 00:00:00',154000,154000,'2023-03-22 03:00:00','2023-03-22 04:00:00',1,7,2,'VN'),(6,'2023-04-11 00:00:00','2023-04-13 00:00:00',241000,241000,'2023-04-11 01:00:00','2023-04-11 02:00:00',1,8,2,'VN'),(7,'2023-05-01 00:00:00','2023-05-03 00:00:00',168000,168000,'2023-05-01 08:00:00','2023-05-01 09:00:00',1,9,2,'VN'),(8,'2023-05-21 00:00:00','2023-05-23 00:00:00',147000,147000,'2023-05-21 09:00:00','2023-05-21 10:00:00',1,10,2,'VN'),(9,'2023-06-10 00:00:00','2023-06-12 00:00:00',140000,140000,'2023-06-10 10:00:00','2023-06-10 11:00:00',1,11,2,'VN'),(10,'2023-06-30 00:00:00','2023-07-02 00:00:00',213000,213000,'2023-06-30 08:00:00','2023-06-30 09:00:00',1,12,2,'VN'),(11,'2023-07-20 00:00:00','2023-07-22 00:00:00',106000,106000,'2023-07-20 10:00:00','2023-07-20 11:00:00',1,13,2,'VN'),(12,'2023-08-09 00:00:00','2023-08-11 00:00:00',186000,186000,'2023-08-09 01:00:00','2023-08-09 02:00:00',1,14,2,'VN'),(13,'2023-08-29 00:00:00','2023-08-31 00:00:00',156000,156000,'2023-08-29 01:00:00','2023-08-29 02:00:00',1,15,2,'VN'),(14,'2023-09-18 00:00:00','2023-09-20 00:00:00',93000,93000,'2023-09-18 07:00:00','2023-09-18 08:00:00',1,16,2,'VN'),(15,'2023-10-08 00:00:00','2023-10-10 00:00:00',111000,111000,'2023-10-08 04:00:00','2023-10-08 05:00:00',1,17,2,'VN'),(16,'2023-10-28 00:00:00','2023-10-30 00:00:00',217000,217000,'2023-10-28 08:00:00','2023-10-28 09:00:00',1,18,2,'VN'),(17,'2023-11-17 00:00:00','2023-11-19 00:00:00',184000,184000,'2023-11-17 05:00:00','2023-11-17 06:00:00',1,19,2,'VN'),(18,'2023-12-07 00:00:00','2023-12-09 00:00:00',108000,108000,'2023-12-07 07:00:00','2023-12-07 08:00:00',1,20,2,'VN'),(19,'2023-12-27 00:00:00','2023-12-29 00:00:00',222000,222000,'2023-12-27 06:00:00','2023-12-27 07:00:00',1,21,2,'VN'),(20,'2024-01-16 00:00:00','2024-01-18 00:00:00',222000,222000,'2024-01-16 04:00:00','2024-01-16 05:00:00',1,22,2,'VN'),(21,'2023-01-21 00:00:00','2023-01-23 00:00:00',154000,154000,'2023-01-21 08:00:00','2023-01-21 09:00:00',1,23,2,'VN'),(22,'2023-02-10 00:00:00','2023-02-12 00:00:00',224000,224000,'2023-02-10 07:00:00','2023-02-10 08:00:00',1,24,2,'VN'),(23,'2023-03-02 00:00:00','2023-03-04 00:00:00',191000,191000,'2023-03-02 09:00:00','2023-03-02 10:00:00',1,25,2,'VN'),(24,'2023-03-22 00:00:00','2023-03-24 00:00:00',327000,327000,'2023-03-22 02:00:00','2023-03-22 03:00:00',1,26,2,'VN'),(25,'2023-04-11 00:00:00','2023-04-13 00:00:00',214000,214000,'2023-04-11 09:00:00','2023-04-11 10:00:00',1,27,2,'VN'),(26,'2023-05-01 00:00:00','2023-05-03 00:00:00',214000,214000,'2023-05-01 02:00:00','2023-05-01 03:00:00',1,28,2,'VN');
/*!40000 ALTER TABLE `order` ENABLE KEYS */;
UNLOCK TABLES;

--
-- Table structure for table `order_details`
--

DROP TABLE IF EXISTS `order_details`;
/*!40101 SET @saved_cs_client     = @@character_set_client */;
/*!50503 SET character_set_client = utf8mb4 */;
CREATE TABLE `order_details` (
  `id` int NOT NULL AUTO_INCREMENT,
  `unit_price` int NOT NULL,
  `quantity` int NOT NULL,
  `order_id` int NOT NULL,
  `book_id` int NOT NULL,
  PRIMARY KEY (`id`),
  KEY `order_id` (`order_id`),
  KEY `book_id` (`book_id`),
  CONSTRAINT `order_details_ibfk_1` FOREIGN KEY (`order_id`) REFERENCES `order` (`id`),
  CONSTRAINT `order_details_ibfk_2` FOREIGN KEY (`book_id`) REFERENCES `book` (`id`)
) ENGINE=InnoDB AUTO_INCREMENT=139 DEFAULT CHARSET=utf8mb4 COLLATE=utf8mb4_0900_ai_ci;
/*!40101 SET character_set_client = @saved_cs_client */;

--
-- Dumping data for table `order_details`
--

LOCK TABLES `order_details` WRITE;
/*!40000 ALTER TABLE `order_details` DISABLE KEYS */;
INSERT INTO `order_details` VALUES (1,9000,3,1,12),(2,6000,8,1,31),(3,11000,5,1,11),(4,9000,1,1,15),(5,13000,3,1,24),(6,9000,1,1,21),(7,15000,2,2,17),(8,6000,7,2,18),(9,11000,5,2,11),(10,8000,3,2,4),(11,9000,4,2,12),(12,13000,1,2,24),(13,13000,2,3,24),(14,12000,3,3,3),(15,15000,3,3,8),(16,14000,4,3,7),(17,15000,3,3,6),(18,5000,3,3,22),(19,15000,1,4,17),(20,9000,5,4,12),(21,9000,3,4,10),(22,6000,5,4,31),(23,5000,5,4,23),(24,13000,1,5,14),(25,15000,2,5,26),(26,5000,2,5,22),(27,15000,3,5,17),(28,14000,4,5,7),(29,15000,4,6,30),(30,14000,2,6,28),(31,9000,2,6,15),(32,15000,2,6,19),(33,6000,5,6,27),(34,15000,2,6,8),(35,15000,3,6,6),(36,15000,4,7,19),(37,15000,4,7,6),(38,6000,5,7,18),(39,9000,2,7,21),(40,9000,1,8,12),(41,14000,5,8,7),(42,8000,1,8,4),(43,9000,4,8,15),(44,12000,2,8,2),(45,6000,1,9,31),(46,8000,5,9,4),(47,15000,1,9,6),(48,5000,5,9,22),(49,9000,6,9,21),(50,15000,4,10,8),(51,9000,5,10,10),(52,14000,5,10,28),(53,11000,2,10,9),(54,8000,2,10,13),(55,8000,1,11,13),(56,13000,5,11,24),(57,11000,3,11,9),(58,14000,5,12,28),(59,11000,1,12,16),(60,11000,1,12,9),(61,12000,3,12,1),(62,15000,2,12,19),(63,14000,2,12,7),(64,9000,4,13,10),(65,15000,2,13,8),(66,14000,4,13,25),(67,11000,2,13,11),(68,12000,1,13,2),(69,6000,1,14,27),(70,11000,3,14,11),(71,13000,3,14,14),(72,5000,3,14,22),(73,9000,2,15,15),(74,13000,3,15,14),(75,6000,3,15,18),(76,9000,4,15,21),(77,9000,8,16,15),(78,15000,3,16,17),(79,15000,4,16,26),(80,8000,5,16,13),(81,13000,1,17,5),(82,15000,4,17,30),(83,14000,2,17,28),(84,11000,2,17,11),(85,13000,1,17,14),(86,12000,4,17,1),(87,6000,5,18,27),(88,5000,2,18,22),(89,10000,5,18,32),(90,9000,2,18,20),(91,14000,3,19,7),(92,15000,4,19,6),(93,11000,1,19,9),(94,8000,2,19,4),(95,12000,2,19,1),(96,15000,2,19,17),(97,13000,3,19,24),(98,14000,1,20,7),(99,6000,4,20,27),(100,10000,4,20,32),(101,8000,4,20,4),(102,13000,4,20,14),(103,12000,5,20,3),(104,9000,2,21,21),(105,6000,4,21,31),(106,11000,4,21,16),(107,14000,1,21,28),(108,9000,2,21,10),(109,12000,3,21,3),(110,10000,4,22,29),(111,13000,3,22,5),(112,14000,5,22,7),(113,15000,5,22,6),(114,9000,5,23,21),(115,10000,1,23,32),(116,13000,2,23,5),(117,15000,2,23,6),(118,15000,5,23,19),(119,5000,1,23,23),(120,9000,5,24,12),(121,13000,2,24,14),(122,14000,5,24,25),(123,12000,4,24,1),(124,14000,5,24,28),(125,6000,4,24,27),(126,11000,4,24,11),(127,15000,3,25,17),(128,10000,4,25,29),(129,15000,3,25,8),(130,15000,5,25,6),(131,9000,1,25,10),(132,5000,3,26,22),(133,10000,2,26,29),(134,13000,4,26,14),(135,10000,3,26,32),(136,8000,2,26,13),(137,15000,3,26,6),(138,9000,4,26,15);
/*!40000 ALTER TABLE `order_details` ENABLE KEYS */;
UNLOCK TABLES;

--
-- Table structure for table `payment_method`
--

DROP TABLE IF EXISTS `payment_method`;
/*!40101 SET @saved_cs_client     = @@character_set_client */;
/*!50503 SET character_set_client = utf8mb4 */;
CREATE TABLE `payment_method` (
  `id` int NOT NULL AUTO_INCREMENT,
  `name` varchar(20) NOT NULL,
  PRIMARY KEY (`id`),
  UNIQUE KEY `name` (`name`)
) ENGINE=InnoDB AUTO_INCREMENT=3 DEFAULT CHARSET=utf8mb4 COLLATE=utf8mb4_0900_ai_ci;
/*!40101 SET character_set_client = @saved_cs_client */;

--
-- Dumping data for table `payment_method`
--

LOCK TABLES `payment_method` WRITE;
/*!40000 ALTER TABLE `payment_method` DISABLE KEYS */;
INSERT INTO `payment_method` VALUES (2,'BANKING'),(1,'CASH');
/*!40000 ALTER TABLE `payment_method` ENABLE KEYS */;
UNLOCK TABLES;

--
-- Table structure for table `register_code`
--

DROP TABLE IF EXISTS `register_code`;
/*!40101 SET @saved_cs_client     = @@character_set_client */;
/*!50503 SET character_set_client = utf8mb4 */;
CREATE TABLE `register_code` (
  `id` int NOT NULL AUTO_INCREMENT,
  `code` varchar(5) NOT NULL,
  `enable` tinyint(1) NOT NULL,
  `user_id` int NOT NULL,
  PRIMARY KEY (`id`),
  UNIQUE KEY `code` (`code`),
  KEY `user_id` (`user_id`),
  CONSTRAINT `register_code_ibfk_1` FOREIGN KEY (`user_id`) REFERENCES `user` (`id`)
) ENGINE=InnoDB DEFAULT CHARSET=utf8mb4 COLLATE=utf8mb4_0900_ai_ci;
/*!40101 SET character_set_client = @saved_cs_client */;

--
-- Dumping data for table `register_code`
--

LOCK TABLES `register_code` WRITE;
/*!40000 ALTER TABLE `register_code` DISABLE KEYS */;
/*!40000 ALTER TABLE `register_code` ENABLE KEYS */;
UNLOCK TABLES;

--
-- Table structure for table `role`
--

DROP TABLE IF EXISTS `role`;
/*!40101 SET @saved_cs_client     = @@character_set_client */;
/*!50503 SET character_set_client = utf8mb4 */;
CREATE TABLE `role` (
  `id` int NOT NULL AUTO_INCREMENT,
  `name` varchar(80) DEFAULT NULL,
  `description` varchar(255) DEFAULT NULL,
  PRIMARY KEY (`id`),
  UNIQUE KEY `name` (`name`)
) ENGINE=InnoDB AUTO_INCREMENT=5 DEFAULT CHARSET=utf8mb4 COLLATE=utf8mb4_0900_ai_ci;
/*!40101 SET character_set_client = @saved_cs_client */;

--
-- Dumping data for table `role`
--

LOCK TABLES `role` WRITE;
/*!40000 ALTER TABLE `role` DISABLE KEYS */;
INSERT INTO `role` VALUES (1,'anonymous',NULL),(2,'superuser',NULL),(3,'user',NULL),(4,'staff',NULL);
/*!40000 ALTER TABLE `role` ENABLE KEYS */;
UNLOCK TABLES;

--
-- Table structure for table `roles_users`
--

DROP TABLE IF EXISTS `roles_users`;
/*!40101 SET @saved_cs_client     = @@character_set_client */;
/*!50503 SET character_set_client = utf8mb4 */;
CREATE TABLE `roles_users` (
  `user_id` int DEFAULT NULL,
  `role_id` int DEFAULT NULL,
  KEY `user_id` (`user_id`),
  KEY `role_id` (`role_id`),
  CONSTRAINT `roles_users_ibfk_1` FOREIGN KEY (`user_id`) REFERENCES `user` (`id`),
  CONSTRAINT `roles_users_ibfk_2` FOREIGN KEY (`role_id`) REFERENCES `role` (`id`)
) ENGINE=InnoDB DEFAULT CHARSET=utf8mb4 COLLATE=utf8mb4_0900_ai_ci;
/*!40101 SET character_set_client = @saved_cs_client */;

--
-- Dumping data for table `roles_users`
--

LOCK TABLES `roles_users` WRITE;
/*!40000 ALTER TABLE `roles_users` DISABLE KEYS */;
INSERT INTO `roles_users` VALUES (1,2),(1,4),(2,4),(3,3),(4,3),(5,3),(6,3),(7,3),(8,3),(9,3),(10,3),(11,3),(12,3),(13,3),(14,3),(15,3),(16,3),(17,3),(18,3),(19,3),(20,3),(21,3),(22,3),(23,3),(24,3),(25,3),(26,3),(27,3),(28,3);
/*!40000 ALTER TABLE `roles_users` ENABLE KEYS */;
UNLOCK TABLES;

--
-- Table structure for table `user`
--

DROP TABLE IF EXISTS `user`;
/*!40101 SET @saved_cs_client     = @@character_set_client */;
/*!50503 SET character_set_client = utf8mb4 */;
CREATE TABLE `user` (
  `id` int NOT NULL AUTO_INCREMENT,
  `email` varchar(255) DEFAULT NULL,
  `username` varchar(64) NOT NULL,
  `image_file` varchar(255) NOT NULL,
  `phone_number` varchar(20) DEFAULT NULL,
  `first_name` varchar(255) DEFAULT NULL,
  `address` varchar(255) DEFAULT NULL,
  `last_name` varchar(255) DEFAULT NULL,
  `password` varchar(255) NOT NULL,
  `active` tinyint(1) DEFAULT NULL,
  `create_at` datetime DEFAULT NULL,
  `gender` tinyint(1) DEFAULT NULL,
  `confirmed_at` datetime DEFAULT NULL,
  `fs_uniquifier` varchar(64) NOT NULL,
  PRIMARY KEY (`id`),
  UNIQUE KEY `fs_uniquifier` (`fs_uniquifier`),
  UNIQUE KEY `email` (`email`)
) ENGINE=InnoDB AUTO_INCREMENT=29 DEFAULT CHARSET=utf8mb4 COLLATE=utf8mb4_0900_ai_ci;
/*!40101 SET character_set_client = @saved_cs_client */;

--
-- Dumping data for table `user`
--

LOCK TABLES `user` WRITE;
/*!40000 ALTER TABLE `user` DISABLE KEYS */;
INSERT INTO `user` VALUES (1,'admin@example.com','admin@example.com','https://res.cloudinary.com/ddgtjayoj/image/upload/v1703609574/nwgptms1x2n1pa4k5hvo.jpg','0795648319','Admin','VN','2023','$pbkdf2-sha512$25000$x3gv5TznfO.91zrHmNP6nw$C3E9OWwWuTvrbL1R3JG22w.vVJceKI8EpR3PKU1MP1b.R/iE68rajn/5U8i1LvVF6221FCNR9A0NbivUuE7.ag',1,'2025-03-11 06:11:26',1,'2025-03-11 13:11:27','a433511afcfb4c3cbb4cd8ab264fb18d'),(2,'staff@example.com','staff@example.com','https://res.cloudinary.com/ddgtjayoj/image/upload/v1703609574/nwgptms1x2n1pa4k5hvo.jpg','0798546948','Staff','VN','2023','$pbkdf2-sha512$25000$0BrDuHdO6X2vtfY.h/Beiw$9NBWUg3YQNrwvdBkNTtxStbc6JC8CukFx804rzylLo2VQYEHHYcmpJ4qF2eDDrRoIMnKZUBemCJtGVatWnSRnQ',1,'2025-03-11 06:11:26',1,'2025-03-11 13:11:27','d69cb69eee494b8093e5f60083765f4e'),(3,'user@example.com','user@example.com','https://res.cloudinary.com/ddgtjayoj/image/upload/v1703609574/nwgptms1x2n1pa4k5hvo.jpg','0986498464','user','VN','2023','$pbkdf2-sha512$25000$bo2RUmptjfFeSwlBCAEA4A$vzIKXtRncpsVMIsFBDsvS/uWrOFM/niljfSmnj/xdNc.54zKXYS793YTlse2.FVR2q0EKHTFlZcwyf0seNhesQ',1,'2025-03-11 06:11:26',1,'2025-03-11 13:11:27','f7932b48089a4ca298f5f8ad3741f3a0'),(4,'harry.brown@example.com','harry.brown@example.com','https://res.cloudinary.com/ddgtjayoj/image/upload/v1703609574/nwgptms1x2n1pa4k5hvo.jpg','0687779967','Harry','VN','Brown','$pbkdf2-sha512$25000$LEXIec.ZM0YIwTjn/L8Xwg$GhW2y9pLCvyIxNwpPlxKjMzen9iFE4c6.FENA6KvxwEeUlwM9q/6Yrs8YfaCrFiaEYvoq889zbqqDGCA.dtoXg',1,'2025-03-11 06:11:26',1,'2025-03-11 13:11:27','0f865861c21840bdaa76e841aa41d167'),(5,'amelia.smith@example.com','amelia.smith@example.com','https://res.cloudinary.com/ddgtjayoj/image/upload/v1703609574/nwgptms1x2n1pa4k5hvo.jpg','0878896996','Amelia','VN','Smith','$pbkdf2-sha512$25000$spbynrOW8r73HkMIwbjXWg$q6Su57wVWpwikTOlonYU8awo.6cRCoPUGYo29oE.rc/XstAsI8eNBxWV8k9h2ToTqf3mYg1UPTLS.Ui87kkEGA',1,'2025-03-11 06:11:26',1,'2025-03-11 13:11:27','64fd146d03bd403aa51ef298ced34ac6'),(6,'oliver.patel@example.com','oliver.patel@example.com','https://res.cloudinary.com/ddgtjayoj/image/upload/v1703609574/nwgptms1x2n1pa4k5hvo.jpg','0867886878','Oliver','VN','Patel','$pbkdf2-sha512$25000$LUVIaW1NSYlRSimlVCqFEA$IbqjqM3LhVcY99zlx.Ul3NjyR/a9MxPg/yirr1GIKw7iFhjYEiYyOMRFeVLuoM6T6SMK.Wp0VA./0TvrO9.21A',1,'2025-03-11 06:11:26',1,'2025-03-11 13:11:27','048cbc9471a8458ba635e3696c292925'),(7,'jack.jones@example.com','jack.jones@example.com','https://res.cloudinary.com/ddgtjayoj/image/upload/v1703609574/nwgptms1x2n1pa4k5hvo.jpg','0869896688','Jack','VN','Jones','$pbkdf2-sha512$25000$lxJCiPEeA.C8V8qZUyrF2A$.c8zBeuFOtzGsPEsR7ejHJ7WM09bZFDWYczotXNC87GhGIaLZpsTpEs5lCp7dvs8A19YN9yBG3I541Ck4gT/PA',1,'2025-03-11 06:11:26',1,'2025-03-11 13:11:27','4626bf2957ac4bebb5ad6531c53d9b59'),(8,'isabella.williams@example.com','isabella.williams@example.com','https://res.cloudinary.com/ddgtjayoj/image/upload/v1703609574/nwgptms1x2n1pa4k5hvo.jpg','0867998789','Isabella','VN','Williams','$pbkdf2-sha512$25000$qpWy9l6Lce49x/hfC2Fs7Q$eYlW7wk.83sQJ2RhYgu6Ophxq7/AGQW.obdVg8rHAIR5V2boP5JvJkbwcviZj81vJEo0NAJqnidBFKtfSRu9zw',1,'2025-03-11 06:11:27',1,'2025-03-11 13:11:27','f7ae59aefc6f4d139f8ae95853a77289'),(9,'charlie.johnson@example.com','charlie.johnson@example.com','https://res.cloudinary.com/ddgtjayoj/image/upload/v1703609574/nwgptms1x2n1pa4k5hvo.jpg','0799696869','Charlie','VN','Johnson','$pbkdf2-sha512$25000$8p7Teo9RqlVqjfE.B0AIQQ$jGDOZfP72xB/0Fpr9WwyMMuEITDkOLun2P5fWRS8ZTDsFoDFb.DfEJrKvrqUIM17GbeVTZ/XDl9fWjbBjuoayw',1,'2025-03-11 06:11:27',1,'2025-03-11 13:11:27','4328bc1b29284159be2a7ec0b9774ab4'),(10,'sophie.taylor@example.com','sophie.taylor@example.com','https://res.cloudinary.com/ddgtjayoj/image/upload/v1703609574/nwgptms1x2n1pa4k5hvo.jpg','0869768999','Sophie','VN','Taylor','$pbkdf2-sha512$25000$4DxnTMk5p9RaS2kNoZQS4g$p/hWEA8EgOOMLPz5COPySiwppUXTjKWgNAQjaoR7Wkqp4jTZHTqr0u.I5gjJRQY5KrB6R.5nXGsGohNc.jc3MQ',1,'2025-03-11 06:11:27',1,'2025-03-11 13:11:27','60d8fcca4e284049832f4120163145c0'),(11,'mia.thomas@example.com','mia.thomas@example.com','https://res.cloudinary.com/ddgtjayoj/image/upload/v1703609574/nwgptms1x2n1pa4k5hvo.jpg','0886989667','Mia','VN','Thomas','$pbkdf2-sha512$25000$CQHgfM.5V4oR4lyLEcKY0w$t9eK4.i1GewGXKp6.rSoAaD8DBOm0y1KvgnrV1IBjluL1nI8qGtF3IyN6GsK/1BZkVcu0t720SssIVhWC7qrLA',1,'2025-03-11 06:11:27',1,'2025-03-11 13:11:27','e6504057974b4067bcde8cc7790c1fcd'),(12,'jacob.roberts@example.com','jacob.roberts@example.com','https://res.cloudinary.com/ddgtjayoj/image/upload/v1703609574/nwgptms1x2n1pa4k5hvo.jpg','0696788697','Jacob','VN','Roberts','$pbkdf2-sha512$25000$hFCq9b6Xcs455zxnjHGuNQ$tOUxssoyaUPaVQsxL4fLfCbpPdT6ITyg0kMZH5W80tfkP.Q922p.eFjymhrw1vH7qVgfsWE81SdqlaGSUwa1bw',1,'2025-03-11 06:11:27',1,'2025-03-11 13:11:27','551afcdda3fc445b8c28182906547b18'),(13,'thomas.khan@example.com','thomas.khan@example.com','https://res.cloudinary.com/ddgtjayoj/image/upload/v1703609574/nwgptms1x2n1pa4k5hvo.jpg','0869868989','Thomas','VN','Khan','$pbkdf2-sha512$25000$2btX6j2n9N6bszbGeC9FqA$Dsa.e64BjtmPAISjTyYWQs6f1/xXkFBYPR4vaNx2sT12TeRXnPg2h4F9DIWrgYYkvnMGlJ4m5C2yaSNgZEEjUw',1,'2025-03-11 06:11:27',1,'2025-03-11 13:11:27','6474becfb9eb47789d2d1f9c2cb5197f'),(14,'emily.lewis@example.com','emily.lewis@example.com','https://res.cloudinary.com/ddgtjayoj/image/upload/v1703609574/nwgptms1x2n1pa4k5hvo.jpg','0697979666','Emily','VN','Lewis','$pbkdf2-sha512$25000$TinF.L8XYqz1njOGsDYmJA$SV4NQ4QKRDOJjvTeyWckCJgo1DjvNOjE5a1jH/HE5PNEnJMAlWMy44RRVkjOMJtDZOAuSbPt9yOEW7aM73awIA',1,'2025-03-11 06:11:27',1,'2025-03-11 13:11:27','9255a23383f04cf4be1ffc15bb1dc920'),(15,'lily.jackson@example.com','lily.jackson@example.com','https://res.cloudinary.com/ddgtjayoj/image/upload/v1703609574/nwgptms1x2n1pa4k5hvo.jpg','0979879666','Lily','VN','Jackson','$pbkdf2-sha512$25000$QUgpRUhprRXCeE9JyVlLSQ$5iCd39jyeLPLANlNGH3PgHwgjg6aekYnXHa4ZJdiUTJZDJdcOfU3GqRfyxOrYZwMlXIm.1hDSy5ipGxEs3F3DA',1,'2025-03-11 06:11:27',1,'2025-03-11 13:11:27','d4543c260d3e441c888b1e90dca06e64'),(16,'ava.clarke@example.com','ava.clarke@example.com','https://res.cloudinary.com/ddgtjayoj/image/upload/v1703609574/nwgptms1x2n1pa4k5hvo.jpg','0896866867','Ava','VN','Clarke','$pbkdf2-sha512$25000$PCckhNAaw5hTKgUgBGBsDQ$U.IqwDoS3SbY/09Sxuxx5QMLZWxl6hKRCmYppm4lSFwDER5BvO3xfgjE0AHwfzyuhRwP.ZTtGpoEU.EjM5N0TA',1,'2025-03-11 06:11:27',1,'2025-03-11 13:11:28','87bc8cca9fa24dc7b5d8ebd2714f7bfd'),(17,'isla.james@example.com','isla.james@example.com','https://res.cloudinary.com/ddgtjayoj/image/upload/v1703609574/nwgptms1x2n1pa4k5hvo.jpg','0769769888','Isla','VN','James','$pbkdf2-sha512$25000$X4sxhjDG2FuLEaI0ZkyJ0Q$wAOBD3H1CUpexTwoSvJMAXx93b5ROf2.tp3fZGongSm4FVcmggYyCC77MR4Yod698yeWVqrHqRy0H1WGLWwfBw',1,'2025-03-11 06:11:27',1,'2025-03-11 13:11:28','c4137880c94a46548304f03c7d06856d'),(18,'alfie.phillips@example.com','alfie.phillips@example.com','https://res.cloudinary.com/ddgtjayoj/image/upload/v1703609574/nwgptms1x2n1pa4k5hvo.jpg','0996699769','Alfie','VN','Phillips','$pbkdf2-sha512$25000$r7U2JgSAkHKuFQJgrFWKkQ$egzw/6hWbmxnCz.Jn2OLWtZKCOCjLLYbDz2z01O31PxLHbAqKD6xhwAyOn30azAeRZOTn6dcw5XriHNMUHFyPw',1,'2025-03-11 06:11:27',1,'2025-03-11 13:11:28','89caedee75fe47b2a0e8fe60de18ea28'),(19,'olivia.wilson@example.com','olivia.wilson@example.com','https://res.cloudinary.com/ddgtjayoj/image/upload/v1703609574/nwgptms1x2n1pa4k5hvo.jpg','0897886766','Olivia','VN','Wilson','$pbkdf2-sha512$25000$PGesNea81xpjrHVuLaX0vg$Thqf.GY8hq6Kek.r9Lkbi9iMY7WUKBzWBQEQcsQSUEU2X.pQWq41AAz04dJRA.Cv6DCHMyjIv1iDye1WopNh.Q',1,'2025-03-11 06:11:28',1,'2025-03-11 13:11:28','f83284b3705946429cd5ecb20b3dda98'),(20,'jessica.ali@example.com','jessica.ali@example.com','https://res.cloudinary.com/ddgtjayoj/image/upload/v1703609574/nwgptms1x2n1pa4k5hvo.jpg','0768898679','Jessica','VN','Ali','$pbkdf2-sha512$25000$fG9NqdWacw5hLKV0DiFkTA$WM2Qw3Bq3H4f8qhLbiMHe7gKQIEpqplEUmtaqPskmPQ5.6jSSCEgJM7OsVvWZY61m..ztOLTXIUYI.9MkieoJA',1,'2025-03-11 06:11:28',1,'2025-03-11 13:11:28','06f3f05a36d449b59a59b74623e2b96d'),(21,'riley.mason@example.com','riley.mason@example.com','https://res.cloudinary.com/ddgtjayoj/image/upload/v1703609574/nwgptms1x2n1pa4k5hvo.jpg','0799689798','Riley','VN','Mason','$pbkdf2-sha512$25000$xhiDcM6ZszbGuPf.nxMipA$Qu6aYXQvrlnqzNz2BBS.qm9pZJZ6qlxtyuuMC0NNdUxqQf/w.RlhqmhZKo9MpgtdvBdSVNeUN38A3hYF5GhKwA',1,'2025-03-11 06:11:28',1,'2025-03-11 13:11:28','adf0d5e9fe0e4bccaade99fab9712eae'),(22,'william.mitchell@example.com','william.mitchell@example.com','https://res.cloudinary.com/ddgtjayoj/image/upload/v1703609574/nwgptms1x2n1pa4k5hvo.jpg','0978688698','William','VN','Mitchell','$pbkdf2-sha512$25000$AuBcC2EMYay19j7HOGfsnQ$Yobrd7xD.1bviWlCBBAP60/ub7aDvzZAQfTH7.WvP2eadMpAva9kd2ApiMfV69To9ocbuhFEuhgBRZD57dlF/Q',1,'2025-03-11 06:11:28',1,'2025-03-11 13:11:28','6604ecb4726c451080b5ecd89f057457'),(23,'james.rose@example.com','james.rose@example.com','https://res.cloudinary.com/ddgtjayoj/image/upload/v1703609574/nwgptms1x2n1pa4k5hvo.jpg','0786766677','James','VN','Rose','$pbkdf2-sha512$25000$lbJ2zllLyRnjfO89J4Qw5g$tvbZytSiPLRR9sczPvZD0FhTtxFATImIxURHyfziXJozDTh9wDyLCZVUzv9TSbEgbAY4DYirJBaucNrxojRn2Q',1,'2025-03-11 06:11:28',1,'2025-03-11 13:11:28','60556b147edf4b82b93a243bf039bf9e'),(24,'geoffrey.davis@example.com','geoffrey.davis@example.com','https://res.cloudinary.com/ddgtjayoj/image/upload/v1703609574/nwgptms1x2n1pa4k5hvo.jpg','0796868899','Geoffrey','VN','Davis','$pbkdf2-sha512$25000$WWtNKSUkZIwRwjiHEKLUOg$AAvf6K2tYnVhnKr5v1XrqB5NMEgmia9EzWOb3/6vh..8xlwu/DaY4QW1hld.qYYus6SaigsnjuXhUwhhTYb26Q',1,'2025-03-11 06:11:28',1,'2025-03-11 13:11:28','f0bc6df8ac204a9f879e58db44a05af5'),(25,'lisa.davies@example.com','lisa.davies@example.com','https://res.cloudinary.com/ddgtjayoj/image/upload/v1703609574/nwgptms1x2n1pa4k5hvo.jpg','0667868766','Lisa','VN','Davies','$pbkdf2-sha512$25000$JgSgtJYSovReCwGgtLaW8g$w5N9b7RDXumw8iWllogr9zGXTMNoMAF.tlgInhB99dZ5bzPWzbXFDbPj3qkOSo/zyYogZe3cHiTtNnF4Zc5A5Q',1,'2025-03-11 06:11:28',1,'2025-03-11 13:11:28','bec6cbdb78dd498f940118a30b0065ec'),(26,'benjamin.rodriguez@example.com','benjamin.rodriguez@example.com','https://res.cloudinary.com/ddgtjayoj/image/upload/v1703609574/nwgptms1x2n1pa4k5hvo.jpg','0686898798','Benjamin','VN','Rodriguez','$pbkdf2-sha512$25000$LUVoDYEQghDivFeqlTKGEA$CBs5QOdovVpP2xcJzUFQx5Up7x18uPkePe5eGAo9ORE3.CLGfAqbPf/joiI/pDOP0v.37rNCIKGNj.YnqRU65w',1,'2025-03-11 06:11:28',1,'2025-03-11 13:11:29','da33747376484b1ab1e9660423b0ba47'),(27,'stacey.cox@example.com','stacey.cox@example.com','https://res.cloudinary.com/ddgtjayoj/image/upload/v1703609574/nwgptms1x2n1pa4k5hvo.jpg','0678768768','Stacey','VN','Cox','$pbkdf2-sha512$25000$1Pr//7/XWktJaQ1BqDXmnA$9Rddk/1VXMFMo4qdvyATwx5KNrWfdlJUcYt0yhSlF4Q1D4zzAQkCgDHLuB37jeTy8YzpjHfYmOgTSuJoWNJPxQ',1,'2025-03-11 06:11:28',1,'2025-03-11 13:11:29','d5ef5732e296497f9e23c4037bb95a4e'),(28,'lucy.alexander@example.com','lucy.alexander@example.com','https://res.cloudinary.com/ddgtjayoj/image/upload/v1703609574/nwgptms1x2n1pa4k5hvo.jpg','0797999987','Lucy','VN','Alexander','$pbkdf2-sha512$25000$lDLmnLP2vjcG4HyPcY5xLg$O0da2aKTqEAmyQkS2d/w2Ppnbj9cX85XG6ZX7l8p7yJWUX3v7MWMp1QSIBCWTLmBLbtH.3ttx2ThZ7r3WbmldQ',1,'2025-03-11 06:11:28',1,'2025-03-11 13:11:29','c4548c1f92424d559ed447c62b8e517a');
/*!40000 ALTER TABLE `user` ENABLE KEYS */;
UNLOCK TABLES;
/*!40103 SET TIME_ZONE=@OLD_TIME_ZONE */;

/*!40101 SET SQL_MODE=@OLD_SQL_MODE */;
/*!40014 SET FOREIGN_KEY_CHECKS=@OLD_FOREIGN_KEY_CHECKS */;
/*!40014 SET UNIQUE_CHECKS=@OLD_UNIQUE_CHECKS */;
/*!40101 SET CHARACTER_SET_CLIENT=@OLD_CHARACTER_SET_CLIENT */;
/*!40101 SET CHARACTER_SET_RESULTS=@OLD_CHARACTER_SET_RESULTS */;
/*!40101 SET COLLATION_CONNECTION=@OLD_COLLATION_CONNECTION */;
/*!40111 SET SQL_NOTES=@OLD_SQL_NOTES */;

-- Dump completed on 2025-03-22 14:28:03
